M03561:232:GW210226000:1:1101:3636:19621	V155L	D161Y	T174K
M03561:232:GW210226000:1:1101:4759:8723	Y104H	L201R
M03561:232:GW210226000:1:1101:7081:16830	T183K	L201R
M03561:232:GW210226000:1:1101:7847:5906	E130V	L133F
M03561:232:GW210226000:1:1101:11518:15023	H122P	L201R
M03561:232:GW210226000:1:1101:12270:4311	I136V	L201R
M03561:232:GW210226000:1:1101:13600:23520	T140P	D161A
M03561:232:GW210226000:1:1101:13978:23533	T141N	L201R
M03561:232:GW210226000:1:1101:14394:20355	Y117S	H122P	L201R
M03561:232:GW210226000:1:1101:19549:12044	E181G	L201R
M03561:232:GW210226000:1:1101:19782:5635	R103Q	F214L
M03561:232:GW210226000:1:1101:21445:24441	S135T	N153T
M03561:232:GW210226000:1:1101:21963:13401	L201R	S220N
M03561:232:GW210226000:1:1101:23131:13474	Y162H	N175D	L201R
M03561:232:GW210226000:1:1101:28934:14117	Y117C	V159D
M03561:232:GW210226000:1:1102:10523:22229	L201R	I228F
M03561:232:GW210226000:1:1102:12199:23741	Y104D	Y117S	H122P	L201R
M03561:232:GW210226000:1:1102:12712:2059	Y104F	E130D
M03561:232:GW210226000:1:1102:12843:14043	Y117S	H122P
M03561:232:GW210226000:1:1102:16666:6141	A109S	L185H	L201R	Q218P
M03561:232:GW210226000:1:1102:20834:11020	E181*	L201R
M03561:232:GW210226000:1:1102:21313:17470	K126R	L201R
M03561:232:GW210226000:1:1102:21470:18959	Q218P	N225T
M03561:232:GW210226000:1:1102:21649:5304	F147L	L201R
M03561:232:GW210226000:1:1102:22548:3524	M142L	L201R
M03561:232:GW210226000:1:1102:23554:4394	I169V	L201R
M03561:232:GW210226000:1:1102:26569:21102	L133V	L201R
M03561:232:GW210226000:1:1103:5205:10286	Q134L	N202I
M03561:232:GW210226000:1:1103:6207:17087	I136V	L201R
M03561:232:GW210226000:1:1103:6577:6653	G533D	I548R
M03561:232:GW210226000:1:1103:11308:3890	K119R	L201R
M03561:232:GW210226000:1:1103:14269:10110	L201R	I228V
M03561:232:GW210226000:1:1103:14667:23723	T140P	L201R
M03561:232:GW210226000:1:1103:18401:23140	L133*	L201R
M03561:232:GW210226000:1:1103:18688:24181	V120F	L201R
M03561:232:GW210226000:1:1103:19391:23646	N137K	M142R	L201R
M03561:232:GW210226000:1:1103:19919:21195	D138E	T141K	N175K	L201R
M03561:232:GW210226000:1:1103:21157:6109	L201R	H227R
M03561:232:GW210226000:1:1103:21838:4483	L201R	Y215F
M03561:232:GW210226000:1:1103:23563:17890	T238G	Q245G
M03561:232:GW210226000:1:1103:28865:16705	I124M	L132*
M03561:232:GW210226000:1:1104:2681:11851	A109S	L201R	S220R
M03561:232:GW210226000:1:1104:5248:12480	L209F	W212L
M03561:232:GW210226000:1:1104:7109:4553	D138E	L200F
M03561:232:GW210226000:1:1104:8619:2115	N153D	T174I
M03561:232:GW210226000:1:1104:13727:18061	L113P	L209F
M03561:232:GW210226000:1:1104:17077:23416	L205P	C208F
M03561:232:GW210226000:1:1104:17249:6681	T174S	L201R
M03561:232:GW210226000:1:1104:17411:8297	Q134*	L201R
M03561:232:GW210226000:1:1104:19344:19843	Y117*	L205V
M03561:232:GW210226000:1:1104:20163:24605	S135*	N137Y
M03561:232:GW210226000:1:1104:20882:17937	I146T	N225T
M03561:232:GW210226000:1:1104:29411:11396	Y104*	F105V	N153H	L201R
M03561:232:GW210226000:1:1105:5743:12983	L201R	Q219E
M03561:232:GW210226000:1:1105:6610:10304	F152S	N210D
M03561:232:GW210226000:1:1105:11507:3110	G112R	K119I
M03561:232:GW210226000:1:1105:13574:13562	T107A	Y117S
M03561:232:GW210226000:1:1105:14791:19749	I198F	L201R
M03561:232:GW210226000:1:1105:17280:10637	K143Q	N225D
M03561:232:GW210226000:1:1105:20515:2874	R149K	L201R
M03561:232:GW210226000:1:1105:25406:22052	N210H	E213*
M03561:232:GW210226000:1:1105:26862:20932	F105V	K143N	Q218P	Q219P	S220L	N223P	E224A	N225P	N226P	H227P	I228L
M03561:232:GW210226000:1:1105:28401:16530	S139Y	K143N
M03561:232:GW210226000:1:1106:1917:14614	T166K	L201R
M03561:232:GW210226000:1:1106:3227:19089	I124F	E130*	S135T
M03561:232:GW210226000:1:1106:8580:20445	S135*	E213*
M03561:232:GW210226000:1:1106:8769:18676	W318*	Q326P
M03561:232:GW210226000:1:1106:9877:20788	L201R	H227R
M03561:232:GW210226000:1:1106:10791:6274	S222P	D235R	G263E	H286N	A309G
M03561:232:GW210226000:1:1106:11039:21772	L196I	F204L
M03561:232:GW210226000:1:1106:12118:16922	L156P	R216L
M03561:232:GW210226000:1:1106:18732:20590	V120C	L129V
M03561:232:GW210226000:1:1106:18876:1897	Q134H	L201R
M03561:232:GW210226000:1:1106:19199:21186	T140N	T144N	L201R
M03561:232:GW210226000:1:1106:24233:24224	K126Q	A131D	W212L
M03561:232:GW210226000:1:1107:8729:19365	F106C	N137K	L154P	Q219*
M03561:232:GW210226000:1:1107:9257:24043	Q134H	L201R
M03561:232:GW210226000:1:1107:10678:24064	L125F	L201R
M03561:232:GW210226000:1:1107:11516:19460	F106L	L201R
M03561:232:GW210226000:1:1107:12558:17623	L129R	I136L	L201R	Q206H
M03561:232:GW210226000:1:1107:15483:2324	L115R	L116F
M03561:232:GW210226000:1:1107:23067:23265	V120F	K143Q	D179A
M03561:232:GW210226000:1:1107:23420:23332	L118Q	K119*	F152C	L201R	Q218K
M03561:232:GW210226000:1:1107:25202:17478	A158T	L197F
M03561:232:GW210226000:1:1108:4648:18219	V120F	L201R
M03561:232:GW210226000:1:1108:5134:4323	D127E	A158G
M03561:232:GW210226000:1:1108:7811:16196	E181D	L201R
M03561:232:GW210226000:1:1108:15030:19629	T140I	E224Q
M03561:232:GW210226000:1:1108:19043:24252	F121Y	D138Y
M03561:232:GW210226000:1:1108:19390:18089	V108M	H122P
M03561:232:GW210226000:1:1108:19742:1608	D161V	Q189*
M03561:232:GW210226000:1:1108:21135:23861	V120F	H122R
M03561:232:GW210226000:1:1108:25356:22511	Q134K	T174K	S182Y
M03561:232:GW210226000:1:1109:2227:15888	K143I	R167L
M03561:232:GW210226000:1:1109:8088:20002	F150S	N225D
M03561:232:GW210226000:1:1109:8630:24348	L113I	L201R
M03561:232:GW210226000:1:1109:15740:4825	L132I	V159A
M03561:232:GW210226000:1:1109:17221:8027	K177Q	I188L	I228T
M03561:232:GW210226000:1:1109:17920:16968	Y104D	Y117S	H122P
M03561:232:GW210226000:1:1109:21605:23201	L201R	N225S
M03561:232:GW210226000:1:1109:22195:21161	S184A	L201R
M03561:232:GW210226000:1:1109:27387:19691	N153K	Y186*
M03561:232:GW210226000:1:1109:27541:5916	Q134P	T144N	I146L
M03561:232:GW210226000:1:1110:5071:20190	W212C	E213*
M03561:232:GW210226000:1:1110:6336:14833	L114F	L201R
M03561:232:GW210226000:1:1110:6770:14102	V120F	F152I	L201R
M03561:232:GW210226000:1:1110:7704:14727	T451P	I456R	S493T	A500E	N527F	Q549N
M03561:232:GW210226000:1:1110:8174:11840	D138Y	L201R
M03561:232:GW210226000:1:1110:8336:14441	W123*	L201R
M03561:232:GW210226000:1:1110:9376:5160	T234A	L248T
M03561:232:GW210226000:1:1110:11889:7958	V120F	E192G	L201R
M03561:232:GW210226000:1:1110:12962:20194	F111L	Q206R
M03561:232:GW210226000:1:1110:29534:15189	T141K	N225T
M03561:232:GW210226000:1:1111:3041:14232	K126N	D127N
M03561:232:GW210226000:1:1111:3068:17221	N153T	L201R
M03561:232:GW210226000:1:1111:3537:13900	F111Y	H122Q	I124S	N226K
M03561:232:GW210226000:1:1111:7228:24048	S139Y	T141K	N153I	L154H	Y162E	T194N	L201R	F214L
M03561:232:GW210226000:1:1111:11572:22757	V120F	E130V
M03561:232:GW210226000:1:1111:22797:15106	L201R	E224*
M03561:232:GW210226000:1:1111:24014:9522	A131V	L201R
M03561:232:GW210226000:1:1111:25821:22794	M195I	N225I
M03561:232:GW210226000:1:1112:6366:23037	F106I	L129M	I165R	E192*	W212C
M03561:232:GW210226000:1:1112:9216:10906	T107K	F111Y	L129M	F147V
M03561:232:GW210226000:1:1112:10333:1640	L201R	N202S
M03561:232:GW210226000:1:1112:11398:21260	T140P	L145R	L157W
M03561:232:GW210226000:1:1112:15613:24241	M142L	E181A
M03561:232:GW210226000:1:1112:17873:21158	F150V	F204V
M03561:232:GW210226000:1:1112:17925:12638	L201R	E213*
M03561:232:GW210226000:1:1112:19029:21242	S139Y	N153K
M03561:232:GW210226000:1:1112:20208:15898	W212R	E213K
M03561:232:GW210226000:1:1112:20629:19131	L129M	L209F
M03561:232:GW210226000:1:1112:20899:23076	S178R	L200F	L201P
M03561:232:GW210226000:1:1112:22510:21580	I198T	L201R
M03561:232:GW210226000:1:1112:22529:24274	R103Q	L114V	L201R
M03561:232:GW210226000:1:1112:23295:24525	L115Q	L201R
M03561:232:GW210226000:1:1112:24788:23146	L116R	R128S	L201R
M03561:232:GW210226000:1:1112:24817:19292	I188L	L209F
M03561:232:GW210226000:1:1113:2248:11042	L125V	L201R
M03561:232:GW210226000:1:1113:8735:22035	V120F	H122P	L201R
M03561:232:GW210226000:1:1113:8807:22273	L197*	L201R
M03561:232:GW210226000:1:1113:12292:23777	V120G	F147L
M03561:232:GW210226000:1:1113:14918:21263	M142R	L201R
M03561:232:GW210226000:1:1113:16986:3327	E192G	W212C
M03561:232:GW210226000:1:1113:22436:21125	Y104H	N175K
M03561:232:GW210226000:1:1113:23040:23290	L201R	T207I
M03561:232:GW210226000:1:1113:24774:19368	Y104C	L129M
M03561:232:GW210226000:1:1114:6961:21477	L201R	L203*
M03561:232:GW210226000:1:1114:10217:24703	V120F	T140I	L201R
M03561:232:GW210226000:1:1114:16330:12194	F121L	I172T
M03561:232:GW210226000:1:1114:18185:22690	S139Y	E181*
M03561:232:GW210226000:1:1114:19646:22051	N137H	T207P
M03561:232:GW210226000:1:1114:22837:1161	M191I	L201R
M03561:232:GW210226000:1:1114:23205:10278	D161N	T166K
M03561:232:GW210226000:1:1114:24412:4861	Y117S	H122P
M03561:232:GW210226000:1:1115:20432:24803	A109G	E181D
M03561:232:GW210226000:1:1115:21189:24644	L129M	Q134K	E192*
M03561:232:GW210226000:1:1115:21547:17429	R128S	N153I
M03561:232:GW210226000:1:1115:22606:15093	A109T	T166A
M03561:232:GW210226000:1:1115:22618:18799	H122K	N137L
M03561:232:GW210226000:1:1115:24513:20398	F106L	T107P	G112D	L113Q	H122N
M03561:232:GW210226000:1:1115:25056:19483	F106V	H122N	L154P
M03561:232:GW210226000:1:1115:25609:3371	S184T	E224V
M03561:232:GW210226000:1:1115:26290:22175	M142R	S151Y	L221M
M03561:232:GW210226000:1:1115:27487:5921	I146L	I164L
M03561:232:GW210226000:1:1116:6149:4242	L201R	N225Y
M03561:232:GW210226000:1:1116:6647:15623	L116F	L125F	D138Y
M03561:232:GW210226000:1:1116:24860:20293	K126E	I165M
M03561:232:GW210226000:1:1116:26042:5611	Q462H	E512V	G533R	I551G
M03561:232:GW210226000:1:1117:3408:16199	V120G	A131D	L132V
M03561:232:GW210226000:1:1117:5753:17583	L113I	D138N
M03561:232:GW210226000:1:1117:15697:12328	G112*	V155I
M03561:232:GW210226000:1:1117:17692:22965	T141K	L201R
M03561:232:GW210226000:1:1117:17764:24204	N153T	L201R
M03561:232:GW210226000:1:1117:22033:17612	I12R	T67S	M96L	H101S	F110P
M03561:232:GW210226000:1:1117:25097:21522	K119*	K143Q
M03561:232:GW210226000:1:1117:29319:14277	S148R	I169V	Y173S	N175T	Q176H	K177P	D179N	E181S	T183P	I188V	Q189P	M191L	E192*	D199S	L203F	C208F	N210P	E213A	Q218P	Q219P	S220L	N223H	N226P	H227P
M03561:232:GW210226000:1:1118:3951:7646	S182P	E213K
M03561:232:GW210226000:1:1118:7927:20490	L125F	Y162C
M03561:232:GW210226000:1:1118:9613:17879	T107A	K177T
M03561:232:GW210226000:1:1118:15741:21131	L156R	E192G
M03561:232:GW210226000:1:1118:20900:19142	G112E	K177T
M03561:232:GW210226000:1:1118:22151:20736	S178I	S182F
M03561:232:GW210226000:1:1118:22608:13684	G112S	S170Y	E181A	W212C
M03561:232:GW210226000:1:1118:26734:4965	R103L	Y104S	M142L	I164V	I165V
M03561:232:GW210226000:1:1118:29324:15574	S148R	R167L	I169L	I172L	Y173S	T174P	N175P	Q176P	K177S	S178L	D179S	I180L	E181A	T183P	I188F	Q189P	M191L	E192S	T194P	M195L	L197F	I198L	D199S	L200F	N202P	Q206P	T207P	C208F	L209F	N210P	E213A	Y215S	Q218P	Q219P	S220L	N223P	N225T	N226P	H227P	I228L
M03561:232:GW210226000:1:1119:3342:7121	F106V	E224A
M03561:232:GW210226000:1:1119:11150:23295	Q134K	S139T	L201R
M03561:232:GW210226000:1:1119:11438:20811	Y117S	E130V	I169T	I188L	D199Y
M03561:232:GW210226000:1:1119:13316:7018	K143N	W212L
M03561:232:GW210226000:1:1119:20859:22530	E192V	L201R
M03561:232:GW210226000:1:1119:24447:3401	E102R	L201R
M03561:232:GW210226000:1:1119:26901:18713	F121C	I169T	Q219P	N226H
M03561:232:GW210226000:1:2101:2575:16096	H122Q	N137L
M03561:232:GW210226000:1:2101:10134:1709	S171Y	L201R
M03561:232:GW210226000:1:2101:10952:3611	L201R	N202I
M03561:232:GW210226000:1:2101:14995:23619	L201R	Y215S
M03561:232:GW210226000:1:2101:15124:16341	F152C	L196R
M03561:232:GW210226000:1:2101:18526:25034	F106V	R128M	L201R
M03561:232:GW210226000:1:2101:23776:9324	G112V	Y117S	K119*
M03561:232:GW210226000:1:2101:23840:24354	S148I	L201R
M03561:232:GW210226000:1:2101:23972:23291	V120F	S151T	L201R
M03561:232:GW210226000:1:2101:25793:5522	H122N	L201R
M03561:232:GW210226000:1:2101:29368:11904	F111V	D138E	L201R
M03561:232:GW210226000:1:2102:2766:10052	L201R	W212C
M03561:232:GW210226000:1:2102:5954:5343	V160L	L201R
M03561:232:GW210226000:1:2102:13459:23194	Y186F	L201R
M03561:232:GW210226000:1:2102:14148:19639	D199V	L201R
M03561:232:GW210226000:1:2102:14415:7116	I165L	L209G
M03561:232:GW210226000:1:2102:14559:19208	S170P	L201R
M03561:232:GW210226000:1:2102:20816:4069	D199G	L201R
M03561:232:GW210226000:1:2102:20868:2073	A109T	L201R
M03561:232:GW210226000:1:2102:22648:13326	L201R	F214S
M03561:232:GW210226000:1:2102:24432:15973	Y117H	L201R
M03561:232:GW210226000:1:2102:25979:11339	I164V	L201R
M03561:232:GW210226000:1:2102:27012:21194	N202H	Q218P	Q219P	S220L	N223P	E224P	N225P	N226P	H227P	I228L
M03561:232:GW210226000:1:2102:27594:13908	Y117D	H122Q
M03561:232:GW210226000:1:2102:27814:19650	L201R	S217*
M03561:232:GW210226000:1:2102:28659:17023	H122L	L201R
M03561:232:GW210226000:1:2102:29308:12572	W212C	E224*
M03561:232:GW210226000:1:2103:3197:16692	E130V	L201R
M03561:232:GW210226000:1:2103:5090:19471	V120F	I164L	L201R
M03561:232:GW210226000:1:2103:6887:5646	V120G	S139Y
M03561:232:GW210226000:1:2103:9454:8650	F111I	H122N
M03561:232:GW210226000:1:2103:9463:12456	V108M	T166P
M03561:232:GW210226000:1:2103:16913:9180	L201R	R216C
M03561:232:GW210226000:1:2103:17074:13230	H122N	L201R
M03561:232:GW210226000:1:2103:17589:15553	H122N	L201R
M03561:232:GW210226000:1:2103:17766:15212	F193I	L201R
M03561:232:GW210226000:1:2103:19164:16546	K143Q	Y215H
M03561:232:GW210226000:1:2103:22539:17477	D179Y	L201R
M03561:232:GW210226000:1:2103:22877:2547	V120F	H122N
M03561:232:GW210226000:1:2103:24900:4053	W123L	K126N
M03561:232:GW210226000:1:2104:3319:17142	S182Y	L201R
M03561:232:GW210226000:1:2104:4701:4608	L118P	Y162H
M03561:232:GW210226000:1:2104:12908:16623	D161V	L201R
M03561:232:GW210226000:1:2104:17687:22462	F150L	L201R
M03561:232:GW210226000:1:2104:17710:6620	F106V	Y186F
M03561:232:GW210226000:1:2104:23644:6135	P454A	T480H	N523Y	H524*	F547N
M03561:232:GW210226000:1:2104:27518:17859	K143Q	Q176H
M03561:232:GW210226000:1:2105:2640:10302	F150L	Q218K
M03561:232:GW210226000:1:2105:6519:15555	V120F	L201R
M03561:232:GW210226000:1:2105:6860:15203	V120F	L201R
M03561:232:GW210226000:1:2105:7308:13192	V120F	L201R
M03561:232:GW210226000:1:2105:7844:15026	V120F	L201R
M03561:232:GW210226000:1:2105:7857:14940	V120F	L201R
M03561:232:GW210226000:1:2105:7908:22716	K119N	I124F
M03561:232:GW210226000:1:2105:14091:7840	K119R	L201R
M03561:232:GW210226000:1:2105:14217:10747	A109T	L201R
M03561:232:GW210226000:1:2105:15138:18384	V155I	L201R
M03561:232:GW210226000:1:2105:15516:10784	F147L	L201R
M03561:232:GW210226000:1:2105:19748:15290	K143N	F204Y
M03561:232:GW210226000:1:2105:22840:2901	S151*	S182Y
M03561:232:GW210226000:1:2105:23185:3172	Q134R	L201R
M03561:232:GW210226000:1:2106:1978:15682	T194A	L201R	C208Y
M03561:232:GW210226000:1:2106:6269:21477	T144N	N153K
M03561:232:GW210226000:1:2106:11125:16183	L201R	Y215*
M03561:232:GW210226000:1:2106:16892:5464	T471L	I541R	Q549T
M03561:232:GW210226000:1:2106:17642:18797	H122K	N137L
M03561:232:GW210226000:1:2106:17730:5201	D138E	L201R
M03561:232:GW210226000:1:2106:18074:4732	L201R	F214L
M03561:232:GW210226000:1:2106:20870:11311	L201R	N225D
M03561:232:GW210226000:1:2106:22134:5545	S184T	L201R
M03561:232:GW210226000:1:2106:25640:7265	E130*	L201R
M03561:232:GW210226000:1:2106:26845:21652	N153K	L154R
M03561:232:GW210226000:1:2107:8301:20263	I124V	L156P
M03561:232:GW210226000:1:2107:12806:10872	I146V	L201R
M03561:232:GW210226000:1:2107:13506:18346	H122K	N137L
M03561:232:GW210226000:1:2107:13740:2067	E130D	F147V
M03561:232:GW210226000:1:2107:16751:24523	F150I	L201R
M03561:232:GW210226000:1:2107:16803:16174	E443S	T451P	I464T	I543V	I551V
M03561:232:GW210226000:1:2107:19708:1735	T140N	F152V	I169T
M03561:232:GW210226000:1:2107:21614:14166	I136T	L201R
M03561:232:GW210226000:1:2107:22002:11944	L145I	L201R
M03561:232:GW210226000:1:2107:22174:13717	V120F	L201R
M03561:232:GW210226000:1:2107:22427:14554	V120F	L201R
M03561:232:GW210226000:1:2107:23065:10743	L201R	E213V
M03561:232:GW210226000:1:2107:26538:9047	S151*	L201R
M03561:232:GW210226000:1:2108:2653:16032	F105V	L201R
M03561:232:GW210226000:1:2108:5594:11877	L201R	H227Y
M03561:232:GW210226000:1:2108:12286:6856	E130G	A158V
M03561:232:GW210226000:1:2108:15549:11249	I165T	L201R
M03561:232:GW210226000:1:2108:15780:15343	Q176R	L201R
M03561:232:GW210226000:1:2108:16000:13183	S171P	L201R
M03561:232:GW210226000:1:2108:29175:16177	V120F	L201R
M03561:232:GW210226000:1:2109:2372:16347	D127E	L201R
M03561:232:GW210226000:1:2109:6238:13135	L201N	L203V	L205K	Q206R	T207S	C208W	L209K	N210D	W212K
M03561:232:GW210226000:1:2109:6251:13136	L201R	L203I	L205I	T207H	C208*	L209I	F211L	F214V	Y215S	I228M
M03561:232:GW210226000:1:2109:6865:10766	W123G	L129R
M03561:232:GW210226000:1:2109:7798:1829	V120F	L201R
M03561:232:GW210226000:1:2109:18858:23785	I164V	L201R
M03561:232:GW210226000:1:2109:18993:7918	L129M	K143N	N153I
M03561:232:GW210226000:1:2109:22760:17011	G112V	L201R
M03561:232:GW210226000:1:2109:26254:18310	R128S	D179V
M03561:232:GW210226000:1:2109:28162:12301	H122K	N137L
M03561:232:GW210226000:1:2110:1859:13983	L185H	L201R
M03561:232:GW210226000:1:2110:5344:5606	Y117N	D127E
M03561:232:GW210226000:1:2110:12150:10131	K143E	I146T
M03561:232:GW210226000:1:2111:2396:16967	L200F	E224K
M03561:232:GW210226000:1:2111:14839:9105	V120G	L201R
M03561:232:GW210226000:1:2111:15391:23630	L116R	V120G
M03561:232:GW210226000:1:2111:24523:23752	R128M	L201I	R216S
M03561:232:GW210226000:1:2111:26867:7881	L201R	W212R
M03561:232:GW210226000:1:2111:28521:8523	L201R	W212R
M03561:232:GW210226000:1:2111:29357:10690	N137D	T140A	K143E	N153S	L154R
M03561:232:GW210226000:1:2112:2733:17243	N153T	L201R
M03561:232:GW210226000:1:2112:6877:7453	A131S	S171Y
M03561:232:GW210226000:1:2112:14770:2471	I165L	L201R
M03561:232:GW210226000:1:2112:22466:22951	A109S	S217*
M03561:232:GW210226000:1:2112:23838:11319	Y117F	E130A
M03561:232:GW210226000:1:2112:27263:20435	N175T	D199A
M03561:232:GW210226000:1:2113:2153:10850	A109S	F152S
M03561:232:GW210226000:1:2113:5859:21554	F105L	F106V	F110C	F111W	L114V	L115R	L116R	Y117*	I136L
M03561:232:GW210226000:1:2113:7633:19440	Y117*	N153H	N226K
M03561:232:GW210226000:1:2113:14061:22253	N202H	F204S
M03561:232:GW210226000:1:2113:16517:3522	S32D	Q64L	H101G	A109R
M03561:232:GW210226000:1:2113:21120:2790	L201R	H227N
M03561:232:GW210226000:1:2113:21640:3442	N137H	N202T
M03561:232:GW210226000:1:2114:2287:13054	I188V	L201R
M03561:232:GW210226000:1:2114:2306:13785	V120G	I188L	L201R
M03561:232:GW210226000:1:2114:2316:13096	I188V	L201R
M03561:232:GW210226000:1:2114:2843:13385	I188V	L201R
M03561:232:GW210226000:1:2114:3069:13042	I188V	L201R
M03561:232:GW210226000:1:2114:3296:12373	I188V	L201R
M03561:232:GW210226000:1:2114:3452:13481	Q163H	I188V	L201R
M03561:232:GW210226000:1:2114:3550:12388	I188V	L201R
M03561:232:GW210226000:1:2114:3936:13351	I188V	L201R
M03561:232:GW210226000:1:2114:4073:16101	I188V	L201R
M03561:232:GW210226000:1:2114:4845:15748	S170A	L201R
M03561:232:GW210226000:1:2114:5018:14499	I188V	L201R
M03561:232:GW210226000:1:2114:5290:12318	I188V	L201R
M03561:232:GW210226000:1:2114:5596:13395	I188V	L201R
M03561:232:GW210226000:1:2114:5809:17770	R167L	I188V
M03561:232:GW210226000:1:2114:7210:3293	I188V	W212R
M03561:232:GW210226000:1:2114:7484:17683	W123C	I188V
M03561:232:GW210226000:1:2114:7857:20039	I188V	L200S
M03561:232:GW210226000:1:2114:8151:19104	I188V	I228N
M03561:232:GW210226000:1:2114:8501:13177	V108A	I188V
M03561:232:GW210226000:1:2114:10121:24881	Y117D	N153T	I188V
M03561:232:GW210226000:1:2114:11092:21904	I164M	I188V
M03561:232:GW210226000:1:2114:11626:19699	I188V	V190A
M03561:232:GW210226000:1:2114:11627:11563	I188V	V190A
M03561:232:GW210226000:1:2114:12199:23377	K126T	I172V	I188V
M03561:232:GW210226000:1:2114:12431:3605	V120G	S139Y	I188V
M03561:232:GW210226000:1:2114:12733:15597	K126E	I188V
M03561:232:GW210226000:1:2114:12843:24118	I124N	I180T	I188V
M03561:232:GW210226000:1:2114:14496:5016	I188V	L201R
M03561:232:GW210226000:1:2114:15329:17023	S139Y	I188V
M03561:232:GW210226000:1:2114:15546:14780	H122N	I188V
M03561:232:GW210226000:1:2114:16712:13289	I188V	L201R
M03561:232:GW210226000:1:2114:16754:8902	I124T	I188V
M03561:232:GW210226000:1:2114:16850:12259	I188V	L201R
M03561:232:GW210226000:1:2114:16877:2972	D138N	I188V
M03561:232:GW210226000:1:2114:17324:13662	I188V	L201R
M03561:232:GW210226000:1:2114:17352:12627	I188V	L201R
M03561:232:GW210226000:1:2114:17354:13632	I188V	L201R
M03561:232:GW210226000:1:2114:17403:12129	I188V	L201R
M03561:232:GW210226000:1:2114:17981:12393	I188V	L201R
M03561:232:GW210226000:1:2114:18039:11483	I188V	L201R
M03561:232:GW210226000:1:2114:18153:14982	I136K	L201R
M03561:232:GW210226000:1:2114:18333:4746	S151P	I188V
M03561:232:GW210226000:1:2114:18459:12865	I188V	L201R
M03561:232:GW210226000:1:2114:18578:22536	S139Y	I188V
M03561:232:GW210226000:1:2114:18586:16024	I188V	L201R
M03561:232:GW210226000:1:2114:19077:22525	I188V	S220C
M03561:232:GW210226000:1:2114:19081:6206	V108E	I188V
M03561:232:GW210226000:1:2114:19321:8346	H230Y	D258L
M03561:232:GW210226000:1:2114:19531:20210	K126E	N175K	I188V
M03561:232:GW210226000:1:2114:20421:21774	I188V	N210S
M03561:232:GW210226000:1:2114:21290:23308	I188V	L201R
M03561:232:GW210226000:1:2114:21891:20772	K177Q	I188V
M03561:232:GW210226000:1:2114:21906:11202	I188V	L201R
M03561:232:GW210226000:1:2114:21919:21794	Q163R	I188V
M03561:232:GW210226000:1:2114:22245:19781	A158T	I188V
M03561:232:GW210226000:1:2114:22467:7141	L132I	L187V	I188V
M03561:232:GW210226000:1:2114:23280:18942	F147L	I188V
M03561:232:GW210226000:1:2114:23696:12650	N175Y	I188V
M03561:232:GW210226000:1:2114:23863:13079	I188V	I198T
M03561:232:GW210226000:1:2114:24696:22144	I188V	L201R
M03561:232:GW210226000:1:2114:25388:21321	S170A	M191R	F211V
M03561:232:GW210226000:1:2114:25413:22852	I188V	L201R
M03561:232:GW210226000:1:2114:25874:21030	I188V	M195L
M03561:232:GW210226000:1:2114:26925:8980	I188V	L201R
M03561:232:GW210226000:1:2114:28533:18588	Q176K	I188V
M03561:232:GW210226000:1:2115:2892:17953	L118V	A131V	K177N
M03561:232:GW210226000:1:2115:13048:23969	V120F	L201R
M03561:232:GW210226000:1:2115:23033:22879	Y117N	N223T
M03561:232:GW210226000:1:2115:23154:15056	W123L	L201R	S220R
M03561:232:GW210226000:1:2115:24989:6763	S135P	F152L
M03561:232:GW210226000:1:2115:25136:4515	A28R	I77E	A109R
M03561:232:GW210226000:1:2115:25460:9561	H122K	N137L
M03561:232:GW210226000:1:2115:29492:10911	K119E	H227N
M03561:232:GW210226000:1:2116:2029:10284	V120I	L201R
M03561:232:GW210226000:1:2116:3374:18139	V108G	F111C	V120F	F121C	N153T	E181*
M03561:232:GW210226000:1:2116:7859:19535	D127Y	I136M
M03561:232:GW210226000:1:2116:8234:20424	T140P	T207P
M03561:232:GW210226000:1:2116:15915:25085	I136R	C208Y
M03561:232:GW210226000:1:2116:19161:24900	A109T	L116R
M03561:232:GW210226000:1:2116:20081:9442	F111G	F121V
M03561:232:GW210226000:1:2116:21270:21678	L113Q	K119N
M03561:232:GW210226000:1:2117:4880:5487	F111L	S139T
M03561:232:GW210226000:1:2117:9908:24909	N137H	K177*
M03561:232:GW210226000:1:2117:14668:8595	L201R	N210I
M03561:232:GW210226000:1:2117:15101:6090	T166K	L201R
M03561:232:GW210226000:1:2117:15981:9053	Q163*	L201R
M03561:232:GW210226000:1:2117:22222:20739	V108E	L129M	L196P
M03561:232:GW210226000:1:2117:24987:23690	Y186*	L205R
M03561:232:GW210226000:1:2117:25942:13178	I228G	N237K	M269G	K282V	N323I
M03561:232:GW210226000:1:2117:29360:10931	S220R	L221M	S222Y	N223K	H227N
M03561:232:GW210226000:1:2118:7302:8174	F111I	V120L	L187Q	M191I
M03561:232:GW210226000:1:2118:8973:6533	M191I	N202I
M03561:232:GW210226000:1:2118:9132:2199	I146T	M191I
M03561:232:GW210226000:1:2118:11773:1998	Q9H	L20R	A28L	T29N	V108R
M03561:232:GW210226000:1:2118:12032:7802	H122N	M191I
M03561:232:GW210226000:1:2118:12536:11490	Q134L	M191I
M03561:232:GW210226000:1:2118:12648:16076	Y104D	H122P
M03561:232:GW210226000:1:2118:13540:7185	T141K	M191I
M03561:232:GW210226000:1:2118:13675:22152	M191I	L201R
M03561:232:GW210226000:1:2118:14255:9674	M191I	F211Y
M03561:232:GW210226000:1:2118:19348:15031	M191I	N225D
M03561:232:GW210226000:1:2118:19647:7892	M191I	S222F
M03561:232:GW210226000:1:2118:19883:14624	S148G	M191I
M03561:232:GW210226000:1:2118:29478:10962	N202K	L203V	S217E	Q218K	Q219K	S220R	L221R	S222E	N223K	N225K	N226K	H227K	I228S
M03561:232:GW210226000:1:2119:10816:22868	N137H	S139Y	N175T
M03561:232:GW210226000:1:2119:12824:21583	Y117H	S217T
M03561:232:GW210226000:1:2119:16582:10415	L201R	S222F
M03561:232:GW210226000:1:2119:18305:23379	L113R	A158S	K177T
M03561:232:GW210226000:1:2119:23425:8656	H122K	N137L
M03561:232:GW210226000:1:2119:23535:24118	Y173S	L201R
M03561:232:GW210226000:1:2119:25308:22584	S220R	E224A
M03561:232:GW210226000:1:2119:26837:21682	R103L	F105L	V159F
M03561:232:GW210226000:1:2119:28800:14408	A131S	Y173F	S220R
