Amino Acid Position-Start=1	A	G	I	L	P	V	F	W	Y	D	E	R	H	K	S	T	C	M	N	Q	*	X	-	Ref_AA	WT_read_count	1-mutation_read_count	Multi-mutation_read_count	Total_read_count
1	2	2	30	26	2	18	1	2	0	0	0	13	0	8	0	17	1	49736	0	1	0	1	51	M	49736	60985	74866	185587
2	73	36	17	68	51	49736	14	4	3	6	45	61	41	7	36	31	23	31	22	35	6	0	51	V	49736	60985	74866	185587
3	20	54	77	147	49736	45	22	23	23	28	15	115	127	10	95	114	39	14	26	188	2	0	51	P	49736	60985	74866	185587
4	172	114	63	121	174	136	25	16	24	58	49736	157	90	71	130	72	70	8	23	55	2	0	51	E	49736	60985	74866	185587
5	163	42	103	120	59	97	69	44	27	61	40	185	36	124	200	117	62	7	49736	52	0	0	51	N	49736	60985	74866	185587
6	112	114	90	166	74	107	21	8	43	57	67	49736	45	134	141	120	70	71	57	22	28	0	51	R	49736	60985	74866	185587
7	124	184	60	117	64	61	19	66	16	59	13	49736	75	41	200	134	18	24	77	27	0	0	51	R	49736	60985	74866	185587
8	47	23	51	128	47	31	8	14	37	27	72	124	22	49736	104	68	17	6	56	46	24	0	51	K	49736	60985	74866	185587
9	19	37	2	18	77	7	10	5	4	7	28	125	67	67	66	32	5	2	15	49736	9	0	51	Q	49736	60985	74866	185587
10	60	26	11	49736	10	135	66	110	3	16	2	77	19	42	56	67	28	33	11	3	25	0	51	L	49736	60985	74866	185587
11	49736	117	10	18	71	43	9	5	31	6	99	45	14	16	48	81	28	9	36	6	0	0	51	A	49736	60985	74866	185587
12	25	79	49736	191	89	131	26	74	1	19	52	94	82	16	138	87	47	102	37	20	4	0	51	I	49736	60985	74866	185587
13	47	81	94	256	56	62	49736	8	67	1	14	25	4	24	199	124	37	16	17	14	4	0	51	F	49736	60985	74866	185587
14	106	119	68	64	12	49736	36	3	41	2	23	21	18	3	116	63	19	20	18	15	0	0	51	V	49736	60985	74866	185587
15	82	112	50	146	181	49736	67	44	79	23	13	33	54	14	153	60	34	19	9	10	0	0	51	V	49736	60985	74866	185587
16	89	159	135	106	37	49736	57	2	31	50	32	7	7	21	62	108	31	8	23	16	0	0	51	V	49736	60985	74866	185587
17	126	124	123	109	93	80	22	28	69	28	49	5	81	18	213	49736	62	23	21	38	2	0	51	T	49736	60985	74866	185587
18	45	46	34	71	6	19	39	4	49736	27	29	2	54	2	80	80	33	0	36	5	29	0	51	Y	49736	60985	74866	185587
19	26	118	62	49736	43	43	80	41	13	1	22	5	11	8	115	41	8	25	7	12	8	0	51	L	49736	60985	74866	185587
20	57	27	126	49736	58	91	51	6	42	5	9	78	104	1	104	73	24	15	32	26	0	0	51	L	49736	60985	74866	185587
21	71	35	52	62	56	55	21	2	26	0	5	7	5	25	98	49736	2	32	35	17	3	0	51	T	49736	60985	74866	185587
22	39	79	98	165	93	127	49736	23	55	4	57	2	31	5	212	48	71	20	21	11	2	0	51	F	49736	60985	74866	185587
23	176	125	34	125	2	98	59	25	49736	56	16	178	137	5	175	207	90	60	46	24	15	0	51	Y	49736	60985	74866	185587
24	74	72	14	63	7	69	40	11	40	10	72	176	35	9	138	39	49736	4	11	17	46	0	51	C	49736	60985	74866	185587
25	117	197	70	151	1	49736	25	19	47	0	20	3	0	0	106	72	58	73	1	0	1	0	51	V	49736	60985	74866	185587
26	20	48	79	37	0	17	26	10	49736	23	28	37	56	28	80	79	36	7	34	28	19	0	51	Y	49736	60985	74866	185587
27	98	72	75	218	35	93	37	1	121	37	60	367	128	182	49736	221	78	19	104	46	43	0	51	S	49736	60985	74866	185587
28	49736	99	97	128	11	73	2	0	10	41	20	54	42	25	169	174	40	9	50	26	1	0	51	A	49736	60985	74866	185587
29	119	107	204	128	15	92	29	13	36	3	18	64	22	12	177	49736	43	12	394	40	0	0	51	T	49736	60985	74866	185587
30	31	64	94	90	6	48	22	13	44	7	66	107	10	49736	105	70	46	16	65	49	5	0	51	K	49736	60985	74866	185587
31	138	66	88	138	67	61	30	2	56	51	51	213	43	100	180	49736	20	73	90	74	0	0	51	T	49736	60985	74866	185587
32	164	109	11	7	22	2	1	0	0	2	16	141	22	14	49736	125	138	0	15	28	1	0	51	S	49736	60985	74866	185587
33	143	183	118	215	116	49736	50	37	76	88	43	188	69	92	199	79	46	10	64	90	5	0	51	V	49736	60985	74866	185587
34	29	83	2	3	25	6	20	0	73	2	0	34	4	0	49736	116	62	1	27	0	2	0	51	S	49736	60985	74866	185587
35	24	9	36	150	0	59	49736	17	65	0	0	2	0	0	21	1	40	5	2	0	0	0	51	F	49736	60985	74866	185587
36	46	6	25	49736	14	131	46	9	0	0	0	0	6	0	37	50	70	36	15	4	15	0	51	L	49736	60985	74866	185587
37	43	37	10	52	14	26	7	0	10	72	24	106	116	71	78	106	31	22	37	49736	24	0	51	Q	49736	60985	74866	185587
38	60	43	53	75	0	49736	14	5	4	0	15	0	0	0	43	71	2	8	0	5	0	0	51	V	49736	60985	74866	185587
39	73	74	75	138	68	24	17	16	50	6	6	7	84	63	117	49736	18	35	59	22	0	0	51	T	49736	60985	74866	185587
40	51	73	44	49736	26	95	46	4	58	13	6	180	50	55	93	135	45	47	23	84	0	0	51	L	49736	60985	74866	185587
41	42	47	38	128	3	111	6	7	13	7	66	245	34	49736	84	192	38	47	65	61	22	0	51	K	49736	60985	74866	185587
42	125	49	127	49736	25	79	22	17	28	0	0	18	26	2	97	94	14	22	1	7	2	0	51	L	49736	60985	74866	185587
43	42	54	104	112	23	110	76	38	58	32	52	130	84	97	168	102	16	35	49736	26	1	0	51	N	49736	60985	74866	185587
44	77	74	87	66	2	91	22	4	68	34	49736	49	71	102	54	61	18	22	16	33	27	0	51	E	49736	60985	74866	185587
45	30	49736	4	45	79	51	1	5	12	49	1	58	101	7	85	44	57	0	10	12	0	0	51	G	49736	60985	74866	185587
46	76	49	45	152	66	202	49736	14	42	1	6	51	49	54	117	37	81	36	30	10	1	0	51	F	49736	60985	74866	185587
47	64	38	27	39	65	98	18	1	35	77	27	18	51	40	68	90	33	4	49736	25	0	0	51	N	49736	60985	74866	185587
48	46	100	51	49736	90	114	53	4	24	22	7	74	29	34	87	40	66	5	24	27	3	0	51	L	49736	60985	74866	185587
49	57	57	82	95	33	87	32	9	12	3	6	31	18	35	82	42	4	49736	11	7	1	2	51	M	49736	60985	74866	185587
50	70	31	50	81	23	49736	77	9	12	41	4	2	10	2	46	35	53	0	29	9	0	0	51	V	49736	60985	74866	185587
51	45	104	23	49736	8	55	145	4	1	10	16	18	18	22	61	42	30	19	5	29	10	2	51	L	49736	60985	74866	185587
52	75	70	56	181	78	98	44	25	13	17	26	107	28	15	49736	80	40	62	44	11	31	2	51	S	49736	60985	74866	185587
53	16	61	49736	152	14	58	28	39	21	11	18	12	2	26	82	61	22	24	26	39	0	2	51	I	49736	60985	74866	185587
54	79	22	21	166	1	42	49736	16	34	4	6	4	26	0	74	34	47	7	41	2	1	0	51	F	49736	60985	74866	185587
55	75	72	49736	103	1	124	30	5	12	6	17	27	32	5	109	66	27	14	47	5	1	4	51	I	49736	60985	74866	185587
56	156	219	181	49736	78	219	105	50	65	60	87	7	62	31	259	162	51	77	55	41	17	0	51	L	49736	60985	74866	185587
57	129	113	67	49736	9	151	65	3	43	4	46	18	22	1	170	127	36	42	26	37	15	0	51	L	49736	60985	74866	185587
58	28	27	24	48	2	24	11	9	13	50	4	2	88	59	94	100	21	16	49736	15	1	0	51	N	49736	60985	74866	185587
59	66	102	66	153	22	97	31	11	56	27	14	14	15	35	49736	77	21	18	28	16	1	0	51	S	49736	60985	74866	185587
60	117	45	100	52	12	83	20	12	22	24	46	128	14	22	124	49736	44	4	58	48	3	0	51	T	49736	60985	74866	185587
61	25	12	51	49736	10	69	51	3	26	0	1	7	7	11	75	5	9	0	2	9	15	0	51	L	49736	60985	74866	185587
62	48	67	48	49736	48	77	22	3	21	1	7	5	5	0	61	54	44	35	1	19	0	0	51	L	49736	60985	74866	185587
63	50	77	10	88	0	30	11	49736	25	5	0	74	6	9	32	48	77	34	8	1	50	0	51	W	49736	60985	74866	185587
64	91	34	33	144	100	19	6	18	12	23	18	106	67	29	48	135	73	12	25	49736	33	0	51	Q	49736	60985	74866	185587
65	46	91	64	49736	84	130	31	19	69	9	28	158	39	12	75	56	24	5	37	70	2	0	51	L	49736	60985	74866	185587
66	124	88	126	49736	42	147	40	71	30	1	22	15	26	10	75	107	55	7	22	27	0	0	51	L	49736	60985	74866	185587
67	110	166	58	102	37	167	60	22	41	40	50	257	32	53	325	49736	64	34	72	69	3	0	51	T	49736	60985	74866	185587
68	81	124	118	235	71	124	51	84	37	32	57	274	51	49736	151	141	61	54	110	85	19	1	51	K	49736	60985	74866	185587
69	50	161	207	49736	71	101	51	21	71	0	16	73	19	14	115	99	96	3	11	46	2	0	51	L	49736	60985	74866	185587
70	104	75	139	49736	2	168	77	27	69	1	1	1	22	1	173	145	38	14	41	26	34	0	51	L	49736	60985	74866	185587
71	27	2	99	174	0	67	49736	13	72	0	1	3	41	1	20	5	41	30	0	12	2	0	51	F	49736	60985	74866	185587
72	83	49736	38	92	45	354	25	18	22	89	15	108	57	9	62	30	132	25	7	32	4	0	51	G	49736	60985	74866	185587
73	82	117	39	11	75	56	8	8	44	66	49736	82	19	55	65	43	13	8	71	137	61	0	51	E	49736	60985	74866	185587
74	30	10	86	49736	99	110	19	17	46	4	6	44	11	2	40	96	34	65	4	25	0	0	51	L	49736	60985	74866	185587
75	52	108	32	82	58	30	28	41	26	5	16	49736	16	40	213	131	20	123	19	47	0	0	51	R	49736	60985	74866	185587
76	83	94	105	49736	171	131	39	27	26	17	31	259	55	0	44	161	0	10	22	36	0	0	51	L	49736	60985	74866	185587
77	150	115	49736	110	94	106	41	18	58	72	71	110	10	0	100	63	29	33	109	29	1	0	51	I	49736	60985	74866	185587
78	28	37	4	31	19	31	1	16	30	109	49736	29	4	29	50	33	0	5	2	27	53	0	51	E	49736	60985	74866	185587
79	70	114	22	130	36	52	16	6	53	23	25	193	49736	4	78	69	15	35	85	97	0	0	51	H	49736	60985	74866	185587
80	190	126	36	119	6	136	26	46	42	65	49736	66	22	25	179	88	77	18	28	67	86	0	51	E	49736	60985	74866	185587
81	90	60	27	154	45	55	8	18	54	26	38	246	49736	6	85	61	20	19	64	53	0	0	51	H	49736	60985	74866	185587
82	73	19	49736	96	1	106	22	14	7	1	3	34	2	0	90	63	27	37	28	19	1	0	51	I	49736	60985	74866	185587
83	79	68	23	146	13	194	49736	47	43	66	39	128	66	21	96	91	49	2	72	55	3	0	51	F	49736	60985	74866	185587
84	176	147	43	138	54	97	13	10	40	80	49736	35	24	48	152	44	5	28	10	45	95	0	51	E	49736	60985	74866	185587
85	66	86	10	67	33	76	11	65	7	22	6	49736	15	21	184	33	14	100	15	1	2	0	51	R	49736	60985	74866	185587
86	17	55	47	49736	3	71	82	20	3	0	6	44	14	0	81	18	38	55	1	4	14	0	51	L	49736	60985	74866	185587
87	49	44	18	100	49736	41	15	8	12	3	5	66	54	8	136	75	8	23	7	61	0	0	51	P	49736	60985	74866	185587
88	58	29	58	82	31	136	49736	73	59	4	12	57	1	20	50	29	12	14	15	5	0	0	51	F	49736	60985	74866	185587
89	100	73	35	85	79	27	18	1	23	13	21	59	21	12	67	49736	34	8	368	17	0	0	51	T	49736	60985	74866	185587
90	87	62	49736	184	31	125	77	20	25	12	9	11	7	1	63	107	33	35	40	24	0	0	51	I	49736	60985	74866	185587
91	72	204	49736	157	22	189	58	11	40	16	3	51	16	26	124	66	47	46	14	5	1	0	51	I	49736	60985	74866	185587
92	108	187	37	139	55	80	22	12	29	81	32	218	78	32	125	128	92	7	49736	41	1	0	51	N	49736	60985	74866	185587
93	97	120	34	53	109	79	8	23	22	25	22	146	44	35	121	49736	103	44	79	30	1	0	51	T	49736	60985	74866	185587
94	120	91	51	49736	8	132	111	36	4	8	38	4	16	2	227	61	50	93	15	22	16	0	51	L	49736	60985	74866	185587
95	91	67	45	195	66	118	49736	12	69	0	0	8	1	4	76	44	77	29	1	1	0	0	51	F	49736	60985	74866	185587
96	93	144	485	195	38	250	32	64	41	29	59	198	37	85	210	165	43	49736	22	34	0	0	51	M	49736	60985	74866	185587
97	110	111	19	14	82	26	27	11	52	66	52	133	27	29	49736	88	20	11	95	55	4	0	51	S	49736	60985	74866	185587
98	82	77	14	45	73	31	6	2	9	31	50	68	6	38	49736	83	36	4	8	7	110	0	51	S	49736	60985	74866	185587
99	182	244	54	49736	117	197	26	49	45	5	36	357	29	46	199	104	72	118	34	102	0	0	51	L	49736	60985	74866	185587
100	221	407	144	539	297	287	49736	110	125	49	151	525	38	94	468	108	149	26	102	87	6	1	51	F	49736	60985	74866	185587
101	426	871	191	269	479	746	71	48	70	182	435	999	49736	213	603	529	141	33	258	347	11	2	51	H	49736	60985	74866	185587
102	585	1002	275	208	293	643	56	96	250	290	49736	580	140	141	671	457	192	54	201	182	34	3	51	E	49736	60985	74866	185587
103	450	1114	103	558	213	270	100	429	75	190	139	49737	145	158	508	295	141	92	61	153	7	0	37	R	49737	60991	74873	185601
104	142	168	42	252	92	126	47	97	49737	115	88	212	119	53	225	80	218	17	98	52	29	0	37	Y	49737	60991	74873	185601
105	99	208	54	434	73	324	49737	75	86	80	74	230	77	19	284	202	270	41	29	115	1	0	37	F	49737	60991	74873	185601
106	259	567	207	461	152	361	49737	154	133	143	164	375	75	95	371	162	257	50	36	112	11	0	37	F	49737	60991	74873	185601
107	612	568	283	247	246	406	90	64	118	170	204	695	151	100	493	49737	111	61	189	161	5	0	37	T	49737	60991	74873	185601
108	640	766	195	907	381	49737	167	168	132	236	167	756	241	133	874	388	545	129	109	163	7	0	37	V	49737	60991	74873	185601
109	49737	782	382	1249	773	596	353	359	261	225	226	1496	327	269	1560	809	562	254	184	305	15	0	37	A	49737	60991	74873	185601
110	2495	3277	952	3304	1932	2615	49737	1372	713	394	987	3348	654	651	2939	1652	1322	621	581	902	38	0	37	F	49737	60991	74873	185601
111	0	0	6	24	0	2	49737	0	4	1	0	0	0	0	19	0	2	0	1	0	0	0	37	F	49737	60991	74873	185601
112	9	49737	0	3	0	25	13	0	0	0	16	32	0	0	2	0	1	0	1	0	27	0	37	G	49737	60991	74873	185601
113	0	0	47	49737	9	3	0	0	0	0	0	2	0	2	0	0	0	0	0	8	0	0	37	L	49737	60991	74873	185601
114	0	0	38	49735	0	1	47	0	0	0	0	0	0	0	15	0	0	0	0	0	5	0	42	L	49735	60989	74872	185596
115	0	0	29	49733	16	4	0	0	0	0	0	8	1	1	0	0	0	0	0	13	0	0	45	L	49733	60988	74872	185593
116	0	0	24	49731	31	1	125	0	0	0	0	9	39	0	2	0	0	0	1	0	0	0	50	L	49731	60987	74870	185588
117	0	0	0	0	0	1	6	0	49728	0	0	0	23	1	25	0	27	0	12	0	29	0	58	Y	49728	60985	74867	185580
118	0	0	0	49724	27	7	0	0	0	0	0	4	0	0	0	0	0	17	0	26	0	0	75	L	49724	60978	74861	185563
119	0	0	12	0	2	0	1	0	0	0	27	23	0	49717	0	54	0	0	15	31	15	0	98	K	49717	60967	74856	185540
120	17	6	17	6	0	49713	95	0	0	4	0	0	0	0	0	0	0	0	0	0	0	0	127	V	49713	60959	74839	185511
121	0	0	0	57	0	1	51	0	0	0	0	0	0	0	0	0	0	0	0	0	0	0	185306	F	51	109	172	332
122	0	0	0	0	0	0	0	0	0	0	0	0	1	0	0	0	0	0	0	0	0	0	185623	H	1	7	7	15
123	0	0	0	0	0	0	0	1	0	0	0	0	0	0	0	0	0	0	0	0	0	0	185624	W	1	6	7	14
124	0	0	1	0	0	0	0	0	0	0	0	0	0	0	0	0	0	0	0	0	0	0	185624	I	1	6	7	14
125	0	0	0	1	0	0	0	0	0	0	0	0	0	0	0	0	0	0	0	0	0	0	185624	L	1	6	7	14
126	0	0	0	0	0	0	0	0	0	0	0	0	0	1	0	0	0	0	0	0	0	0	185624	K	1	6	7	14
127	0	0	0	0	0	0	0	0	0	1	0	0	0	0	0	0	0	0	0	0	0	0	185624	D	1	6	7	14
128	0	0	0	0	0	0	0	0	0	0	0	1	0	0	0	0	0	0	0	0	0	0	185624	R	1	6	7	14
129	0	0	0	1	0	0	0	0	0	0	0	0	0	0	0	0	0	0	0	0	0	0	185624	L	1	6	7	14
130	0	0	0	0	0	0	0	0	0	0	1	0	0	0	0	0	0	0	0	0	0	0	185624	E	1	6	7	14
131	1	0	0	0	0	0	0	0	0	0	0	0	0	0	0	0	0	0	0	0	0	0	185624	A	1	6	7	14
132	0	0	0	1	0	0	0	1	0	0	0	0	0	0	0	0	0	0	0	0	0	0	185624	L	1	6	7	14
133	0	0	0	1	0	0	0	0	0	0	0	0	0	0	0	0	0	0	0	0	0	0	185624	L	1	6	7	14
134	0	0	0	0	0	0	0	0	0	0	0	0	0	0	0	0	0	0	0	1	0	0	185624	Q	1	6	7	14
135	0	0	0	0	0	0	0	0	0	0	0	0	0	0	1	0	0	0	0	0	0	0	185624	S	1	6	7	14
136	0	0	1	0	0	0	0	0	0	0	0	0	0	0	0	0	0	0	0	0	0	0	185624	I	1	6	7	14
137	0	0	0	0	0	0	0	0	0	0	0	0	0	0	0	0	0	0	1	0	0	0	185624	N	1	6	7	14
138	0	0	0	0	0	0	0	0	0	1	0	0	0	0	0	0	0	0	0	0	0	0	185624	D	1	6	7	14
139	0	0	0	0	0	0	0	0	0	0	0	0	0	0	1	0	0	0	0	0	0	0	185624	S	1	6	7	14
140	0	0	0	0	0	0	0	0	0	0	0	0	0	0	0	1	0	0	0	0	0	0	185624	T	1	6	7	14
141	0	0	0	0	0	0	0	0	0	0	0	0	0	0	0	1	0	0	0	0	0	0	185624	T	1	6	7	14
142	0	0	1	0	0	0	0	0	0	0	0	0	0	0	0	0	0	1	0	0	0	0	185624	M	1	6	7	14
143	0	0	0	0	0	0	0	0	0	0	0	0	0	1	0	0	0	0	0	0	0	0	185624	K	1	6	7	14
144	0	0	0	0	0	0	0	0	0	0	0	0	0	0	0	1	0	0	0	0	0	0	185624	T	1	6	7	14
145	0	0	0	1	0	0	0	0	0	0	0	0	0	0	0	0	0	0	0	0	0	0	185624	L	1	6	7	14
146	0	0	1	0	0	0	0	0	0	0	0	0	0	0	0	0	0	0	0	0	0	0	185624	I	1	6	7	14
147	0	0	0	0	0	0	1	0	0	0	0	0	0	0	0	0	0	0	0	0	0	0	185624	F	1	6	7	14
148	0	0	0	0	0	0	0	0	0	0	0	0	0	0	1	0	0	0	0	0	0	0	185624	S	1	6	7	14
149	0	0	0	0	0	0	0	0	0	0	0	1	0	0	0	0	0	0	0	0	0	0	185624	R	1	6	7	14
150	0	0	0	0	0	0	1	0	0	0	0	0	0	0	0	0	0	0	0	0	0	0	185624	F	1	6	7	14
151	0	0	0	0	0	0	0	0	0	0	0	0	0	0	1	0	0	0	0	0	0	0	185624	S	1	6	7	14
152	0	0	0	0	0	0	1	0	0	0	0	0	0	0	0	0	0	0	0	0	0	0	185624	F	1	6	7	14
153	0	0	0	0	0	0	0	0	0	0	0	0	0	0	0	0	0	0	1	0	0	0	185624	N	1	6	7	14
154	0	0	0	1	0	0	0	0	0	0	0	0	0	0	0	0	0	0	0	0	0	0	185624	L	1	6	7	14
155	0	0	0	0	0	1	0	0	0	0	0	0	0	0	0	0	0	0	0	0	0	0	185624	V	1	6	7	14
156	0	0	0	1	0	0	0	0	0	0	0	0	0	0	0	0	0	0	0	0	0	0	185624	L	1	6	7	14
157	0	0	0	1	0	0	0	0	0	0	0	0	0	0	0	0	0	0	0	0	0	0	185624	L	1	6	7	14
158	1	0	0	0	0	0	0	0	0	0	0	0	0	0	0	0	0	0	0	0	0	0	185624	A	1	6	7	14
159	0	0	0	0	0	1	0	0	0	0	0	0	0	0	0	0	0	0	0	0	0	0	185624	V	1	6	7	14
160	0	0	0	0	0	1	0	0	0	0	0	0	0	0	0	0	0	0	0	0	0	0	185624	V	1	6	7	14
161	0	0	0	0	0	0	0	0	0	1	0	0	0	0	0	0	0	0	0	0	0	0	185624	D	1	6	7	14
162	0	0	0	0	0	0	0	0	1	0	0	0	0	0	0	0	0	0	0	0	0	0	185624	Y	1	6	7	14
163	0	0	0	0	0	0	0	0	0	0	0	1	0	0	0	0	0	0	0	1	0	0	185624	Q	1	6	7	14
164	0	0	1	1	0	0	0	0	0	0	0	0	0	0	0	0	0	0	0	0	0	0	185624	I	1	6	7	14
165	0	0	1	0	0	0	0	0	0	0	0	0	0	0	0	0	0	0	0	0	0	0	185624	I	1	6	7	14
166	0	0	0	0	0	0	0	0	0	0	0	0	0	0	0	1	0	0	0	0	0	0	185624	T	1	6	7	14
167	0	0	0	0	0	0	0	0	0	0	0	1	0	0	0	0	0	0	0	0	0	0	185624	R	1	6	7	14
168	0	0	0	0	0	0	0	0	0	0	0	0	0	0	0	0	1	0	0	0	0	0	185624	C	1	6	7	14
169	0	0	1	0	0	0	0	0	0	0	0	0	0	0	0	0	0	0	0	0	0	0	185624	I	1	6	7	14
170	0	0	0	0	0	0	0	0	0	0	0	0	0	0	1	0	0	0	0	0	0	0	185624	S	1	6	7	14
171	0	0	0	1	0	0	0	0	0	0	0	0	0	0	1	0	0	0	0	0	0	0	185624	S	1	6	7	14
172	0	0	1	0	0	0	0	0	0	0	0	0	0	0	0	0	0	0	0	0	0	0	185624	I	1	6	7	14
173	0	0	0	0	0	0	0	0	1	0	0	0	0	0	0	0	0	0	0	0	0	0	185624	Y	1	6	7	14
174	0	0	0	0	0	0	0	0	0	0	0	0	0	0	0	1	0	0	0	0	0	0	185624	T	1	6	7	14
175	0	0	0	0	0	0	0	0	0	0	0	0	0	0	0	0	0	0	1	0	0	0	185624	N	1	6	7	14
176	0	0	0	0	0	0	0	0	0	0	0	0	0	0	0	0	0	0	0	1	0	0	185624	Q	1	6	7	14
177	0	0	0	0	0	0	0	0	0	0	0	0	0	1	0	0	0	0	0	0	0	0	185624	K	1	6	7	14
178	0	0	0	0	0	0	0	0	0	0	0	0	0	0	1	0	0	0	0	0	0	0	185624	S	1	6	7	14
179	0	0	0	0	0	0	0	0	0	1	0	0	0	0	0	0	0	0	0	0	0	0	185624	D	1	6	7	14
180	1	0	1	0	0	0	0	0	0	0	0	0	0	0	0	0	0	0	0	0	0	0	185624	I	1	6	7	14
181	0	0	0	0	0	0	0	0	0	0	1	0	0	0	0	0	0	0	0	0	0	0	185624	E	1	6	7	14
182	0	0	0	0	0	0	0	0	0	0	0	0	0	0	1	0	0	0	0	0	0	0	185624	S	1	6	7	14
183	0	0	0	0	0	0	0	0	0	0	0	0	0	0	0	1	0	0	0	0	0	0	185624	T	1	6	7	14
184	0	0	0	0	0	0	0	0	0	0	0	0	0	0	1	0	0	0	0	0	0	0	185624	S	1	6	7	14
185	0	0	0	1	0	0	0	0	0	0	0	0	0	0	0	0	0	0	0	0	0	0	185624	L	1	6	7	14
186	0	0	0	0	0	0	0	0	1	0	0	0	0	0	0	0	0	0	0	0	0	0	185624	Y	1	6	7	14
187	0	0	0	1	0	0	0	0	0	0	0	0	0	0	0	0	0	0	0	0	0	0	185624	L	1	6	7	14
188	0	0	1	0	0	0	0	0	0	0	0	0	0	0	0	0	0	0	0	0	0	0	185624	I	1	6	7	14
189	0	0	0	0	0	0	0	0	0	0	0	0	0	0	1	0	0	0	0	1	0	0	185624	Q	1	6	7	14
190	0	0	0	0	0	1	0	0	0	0	0	0	0	0	0	0	0	0	0	0	0	0	185624	V	1	6	7	14
191	0	0	0	0	0	0	0	0	0	0	0	0	0	0	0	0	0	1	0	0	0	0	185624	M	1	6	7	14
192	0	0	0	0	0	0	0	0	0	0	1	0	0	0	0	0	0	0	0	0	0	0	185624	E	1	6	7	14
193	0	0	0	0	0	0	1	0	0	0	0	0	0	0	0	0	0	0	0	0	0	0	185624	F	1	6	7	14
194	0	0	0	0	0	0	0	0	0	0	0	0	0	0	0	1	0	0	0	0	0	0	185624	T	1	6	7	14
195	0	0	0	0	0	0	0	0	0	0	0	0	0	0	0	0	0	1	0	0	0	0	185624	M	1	6	7	14
196	0	0	0	1	0	0	0	0	0	0	0	0	0	0	0	0	0	0	0	0	0	0	185624	L	1	6	7	14
197	0	1	0	1	0	0	0	0	0	0	0	0	0	0	0	0	0	0	0	0	0	0	185624	L	1	6	7	14
198	0	0	1	0	0	0	0	0	0	0	0	0	0	0	0	0	0	0	0	0	0	0	185624	I	1	6	7	14
199	0	0	0	0	0	0	0	0	0	1	0	0	0	0	0	0	0	0	0	0	0	0	185624	D	1	6	7	14
200	0	0	0	1	0	0	0	0	0	0	0	0	0	0	0	0	0	0	0	0	0	0	185624	L	1	6	7	14
201	0	0	0	1	0	0	0	0	0	0	0	0	0	0	0	0	0	0	0	0	0	0	185624	L	1	6	7	14
202	0	0	0	0	0	0	0	0	0	0	0	0	0	0	0	0	0	0	1	0	0	0	185624	N	1	6	7	14
203	0	0	0	1	0	0	0	0	0	0	0	0	0	0	0	0	0	0	0	0	0	0	185624	L	1	6	7	14
204	0	0	0	0	0	0	1	0	0	0	0	0	0	0	0	0	0	0	0	0	0	0	185624	F	1	6	7	14
205	0	0	0	1	0	0	0	0	0	0	0	0	0	0	0	0	0	0	0	0	0	0	185624	L	1	6	7	14
206	0	0	0	0	0	0	0	0	0	0	0	0	0	0	0	0	0	0	0	1	0	0	185624	Q	1	6	7	14
207	0	0	0	0	0	0	0	0	0	0	0	0	0	0	0	1	0	0	0	0	0	0	185624	T	1	6	7	14
208	0	0	0	0	0	0	0	0	0	0	0	0	0	0	0	0	1	0	0	0	0	0	185624	C	1	6	7	14
209	0	0	0	1	0	0	0	0	0	0	0	0	0	0	0	0	0	0	0	0	0	0	185624	L	1	6	7	14
210	0	0	0	0	0	0	0	0	0	0	0	0	0	0	0	0	0	0	1	0	0	0	185624	N	1	6	7	14
211	0	0	0	0	0	0	1	0	0	0	0	0	0	0	0	0	0	0	0	0	0	0	185624	F	1	6	7	14
212	0	0	0	0	0	0	0	1	0	0	0	0	0	0	0	0	0	0	0	0	0	0	185624	W	1	6	7	14
213	0	0	0	0	0	0	0	0	0	0	3	0	0	0	0	0	0	0	0	0	0	0	185605	E	3	11	19	33
214	0	0	0	0	0	0	3	0	0	0	0	0	0	0	0	0	1	0	0	0	0	0	185605	F	3	11	19	33
215	0	0	0	0	0	0	0	0	3	0	0	0	0	0	0	0	0	0	0	0	0	0	185605	Y	3	11	19	33
216	0	0	0	0	0	0	0	0	0	0	0	3	0	0	0	0	0	0	0	0	0	0	185605	R	3	11	19	33
217	0	0	0	0	0	0	0	0	0	0	0	0	0	0	3	0	0	0	0	0	0	0	185605	S	3	11	19	33
218	0	0	0	0	0	0	0	0	0	0	0	0	0	0	0	0	0	0	0	3	0	0	185605	Q	3	11	19	33
219	0	0	0	0	0	0	0	0	0	0	0	1	0	0	0	0	0	0	0	3	0	0	185605	Q	3	11	19	33
220	0	0	0	0	0	0	0	0	0	0	0	0	0	0	3	0	0	0	0	0	0	0	185605	S	3	11	19	33
221	0	1	0	3	0	0	0	0	0	0	0	0	0	0	0	0	0	0	0	0	0	0	185605	L	3	11	19	33
222	1	0	0	0	0	0	0	0	0	0	0	0	0	0	3	0	0	0	0	0	0	0	185605	S	3	11	19	33
223	0	0	0	0	0	0	0	0	0	0	0	0	0	0	0	0	0	0	3	0	0	0	185605	N	3	11	19	33
224	0	0	1	0	0	0	0	0	0	0	3	0	0	0	0	0	0	0	0	1	0	0	185605	E	3	11	19	33
225	0	0	0	0	1	0	0	0	0	0	0	0	0	0	0	0	0	0	3	0	0	0	185605	N	3	11	19	33
226	0	0	0	0	0	0	0	0	0	0	0	0	1	0	0	0	0	0	3	0	0	0	185605	N	3	11	19	33
227	0	0	0	0	0	0	0	0	0	0	0	0	3	0	0	0	0	0	1	0	0	0	185605	H	3	11	19	33
228	0	0	3	0	0	0	0	0	0	0	0	0	0	0	0	0	0	0	1	0	0	0	185605	I	3	11	19	33
229	0	0	0	0	0	2	0	0	0	0	0	0	0	0	0	0	0	0	0	0	0	0	185619	V	2	5	12	19
230	0	0	0	0	1	0	0	0	0	0	0	0	2	0	0	0	0	0	0	0	0	0	185619	H	2	5	12	19
231	0	2	0	0	0	0	0	0	0	0	0	0	0	0	0	0	0	0	0	0	0	0	185619	G	2	5	12	19
232	0	0	0	0	0	0	0	0	0	2	0	0	0	0	0	1	0	0	0	0	0	0	185619	D	2	5	12	19
233	0	0	0	0	2	0	0	0	0	0	0	0	0	0	0	0	0	0	0	0	0	0	185619	P	2	5	12	19
234	0	0	0	0	0	0	0	0	0	0	0	0	0	0	0	2	0	0	0	0	0	0	185619	T	2	5	12	19
235	0	0	0	0	0	0	0	0	0	2	0	0	0	0	0	0	0	0	0	0	0	0	185619	D	2	5	12	19
236	0	0	0	0	0	0	0	0	0	0	2	0	0	0	0	0	0	0	0	0	0	0	185619	E	2	5	12	19
237	0	0	0	0	0	0	0	0	0	0	0	0	0	0	1	0	0	0	2	0	0	0	185619	N	2	5	12	19
238	0	0	0	0	0	0	0	0	0	0	0	0	0	0	0	2	0	0	0	0	0	0	185619	T	2	5	12	19
239	0	0	0	0	0	2	0	0	0	0	0	0	0	0	0	0	0	0	0	0	0	0	185619	V	2	5	12	19
240	0	1	0	0	0	0	0	0	0	0	2	0	0	0	0	0	0	0	0	0	0	0	185619	E	2	5	12	19
241	0	0	0	0	0	0	0	0	0	0	0	0	0	0	2	0	0	0	0	0	0	0	185619	S	2	5	12	19
242	0	0	0	0	0	0	0	0	0	2	0	0	0	0	0	0	0	0	0	0	0	0	185619	D	2	5	12	19
243	0	0	0	0	0	0	0	0	0	0	0	0	0	0	0	0	0	0	0	2	0	0	185619	Q	2	5	12	19
244	1	0	0	1	0	0	0	0	0	0	0	0	0	0	2	0	0	0	0	0	0	0	185619	S	2	5	12	19
245	0	0	0	0	0	0	0	0	0	0	0	0	0	0	0	0	0	0	0	2	0	0	185619	Q	2	5	12	19
246	0	0	0	0	2	0	0	0	0	0	0	0	0	0	0	0	0	0	0	0	0	0	185619	P	2	5	12	19
247	0	0	0	0	0	2	0	0	0	0	0	0	0	0	0	0	0	0	0	0	0	0	185619	V	2	5	12	19
248	0	0	0	2	1	0	0	0	0	0	0	0	0	0	0	0	0	0	0	0	0	0	185619	L	2	5	12	19
249	0	1	1	0	0	0	0	0	0	0	0	0	0	0	0	0	0	0	2	0	0	0	185619	N	2	5	12	19
250	0	0	0	0	0	0	0	0	0	2	0	0	0	0	0	0	0	0	0	0	0	0	185619	D	2	5	12	19
251	1	0	0	0	0	0	0	0	0	2	0	0	0	0	0	0	0	0	0	0	0	0	185619	D	2	5	12	19
252	0	0	0	0	0	0	0	0	0	2	0	0	0	0	0	0	0	0	0	0	0	0	185619	D	2	5	12	19
253	0	1	0	0	0	0	0	0	0	2	0	0	0	0	0	0	0	0	0	0	0	0	185619	D	2	5	12	19
254	0	0	0	0	0	0	0	0	0	2	0	0	0	0	0	0	0	0	0	0	0	0	185619	D	2	5	12	19
255	0	0	0	0	0	0	0	0	0	2	0	0	0	0	0	0	0	0	0	0	0	0	185619	D	2	5	12	19
256	0	0	0	0	0	0	0	0	0	2	0	0	0	0	0	0	0	0	0	0	0	0	185619	D	2	5	12	19
257	0	0	1	0	0	0	0	0	0	2	0	0	0	0	0	0	0	0	0	0	0	0	185619	D	2	5	12	19
258	0	0	0	0	0	0	0	0	0	2	0	0	0	0	0	0	0	0	0	0	0	0	185619	D	2	5	12	19
259	0	0	0	1	0	0	0	0	0	0	0	2	0	0	0	0	0	0	0	0	0	0	185619	R	2	5	12	19
260	0	0	0	0	0	0	0	0	0	0	0	0	0	0	0	0	0	0	0	2	0	0	185619	Q	2	5	12	19
261	0	0	0	0	0	0	2	0	0	0	0	0	0	0	0	0	0	0	0	0	0	0	185619	F	2	5	12	19
262	0	0	0	0	0	0	0	0	0	0	0	0	0	0	0	2	0	0	0	0	0	0	185619	T	2	5	12	19
263	0	2	0	0	0	0	0	0	0	0	0	0	0	0	0	0	0	0	0	0	0	0	185619	G	2	5	12	19
264	0	0	0	2	0	0	0	0	0	0	0	0	0	0	0	0	0	1	0	0	0	0	185619	L	2	5	12	19
265	0	0	0	0	0	0	0	0	0	0	2	0	0	0	0	0	0	0	0	0	0	0	185619	E	2	5	12	19
266	0	2	0	0	0	0	0	0	0	0	0	0	0	0	0	0	0	0	0	0	0	0	185619	G	2	5	12	19
267	0	0	0	0	0	0	0	0	0	0	0	0	0	2	0	0	0	0	0	0	0	0	185619	K	2	5	12	19
268	0	0	0	0	0	0	2	0	0	0	0	0	0	0	0	0	0	0	0	0	0	0	185619	F	2	5	12	19
269	0	0	0	0	0	0	0	0	0	0	0	0	0	0	0	0	0	2	0	0	0	0	185619	M	2	5	12	19
270	0	0	0	0	0	0	0	0	2	0	0	0	1	0	0	0	0	0	0	0	0	0	185619	Y	2	5	12	19
271	0	0	0	0	0	0	0	0	0	0	2	0	0	0	0	0	0	0	0	0	0	0	185619	E	2	5	12	19
272	0	0	0	0	0	0	0	0	0	0	0	0	0	2	0	0	0	0	0	0	0	0	185619	K	2	5	12	19
273	2	0	0	0	0	0	0	0	0	0	0	0	0	0	0	0	0	0	0	0	0	0	185619	A	2	5	12	19
274	0	0	2	0	0	0	0	0	0	0	0	0	0	0	0	0	0	0	0	0	0	0	185619	I	2	5	12	19
275	0	0	0	0	0	0	0	0	0	2	0	0	0	0	0	0	0	0	0	0	0	0	185619	D	2	5	12	19
276	0	0	0	0	0	2	0	0	0	0	0	0	0	0	0	0	0	0	0	0	0	0	185619	V	2	5	12	19
277	0	0	0	0	0	0	2	0	0	0	0	0	0	0	0	0	0	0	0	0	0	0	185619	F	2	5	12	19
278	0	0	0	0	0	0	0	0	0	0	0	0	0	0	0	2	0	0	0	0	0	0	185619	T	2	5	12	19
279	0	0	0	0	0	0	0	0	0	0	0	2	0	0	0	0	0	0	0	0	0	0	185619	R	2	5	12	19
280	0	0	0	0	0	0	2	0	0	0	0	0	0	0	0	0	0	0	0	0	0	0	185619	F	2	5	12	19
281	0	0	0	2	0	0	0	0	0	0	0	0	0	0	0	0	0	0	0	0	0	0	185619	L	2	5	12	19
282	0	0	0	0	0	0	0	0	0	0	0	0	0	2	0	0	0	0	1	0	0	0	185619	K	2	5	12	19
283	0	0	0	0	0	0	0	0	0	0	0	0	0	0	0	2	0	0	0	0	0	0	185619	T	2	5	12	19
284	2	0	0	0	0	0	0	0	0	0	0	0	0	0	0	0	0	0	0	0	0	0	185619	A	2	5	12	19
285	0	0	0	2	0	0	0	0	0	0	0	0	0	0	0	0	0	0	0	0	0	0	185619	L	2	5	12	19
286	0	0	0	0	0	0	0	0	0	0	0	0	2	0	0	0	0	0	0	0	0	0	185619	H	2	5	12	19
287	0	0	0	2	0	0	0	0	0	0	0	0	0	0	0	0	0	0	0	0	0	0	185619	L	2	5	12	19
288	0	0	0	0	0	0	0	0	0	0	0	0	0	0	2	0	0	0	0	0	0	0	185619	S	2	5	12	19
289	0	0	0	0	0	0	0	0	0	0	0	0	0	0	0	0	0	2	0	0	0	0	185619	M	2	5	12	19
290	0	0	0	2	0	0	0	0	0	0	0	0	0	0	1	0	0	0	0	0	0	0	185619	L	2	5	12	19
291	0	0	2	0	0	0	0	0	0	0	0	0	0	0	0	0	0	0	0	0	0	0	185619	I	2	5	12	19
292	0	0	0	0	2	0	0	0	0	0	0	0	0	0	0	0	0	0	0	0	0	0	185619	P	2	5	12	19
293	0	0	0	0	0	0	2	0	0	0	0	0	0	0	0	0	0	0	0	0	0	0	185619	F	2	5	12	19
294	0	0	0	0	0	0	0	0	0	0	0	2	0	0	0	0	0	1	0	0	0	0	185619	R	2	5	12	19
295	0	0	0	0	0	0	0	0	0	0	0	0	0	0	0	0	0	2	0	0	0	0	185619	M	2	5	12	19
296	0	0	0	0	2	0	0	0	0	0	0	0	0	0	0	0	0	0	0	0	0	0	185619	P	2	5	12	19
297	0	0	0	0	0	0	0	0	0	0	0	0	0	0	0	0	0	2	0	0	0	0	185619	M	2	5	12	19
298	0	0	0	0	0	0	0	0	0	0	0	0	0	0	0	0	0	2	0	0	0	0	185619	M	2	5	12	19
299	0	0	0	2	0	0	0	0	0	0	0	0	0	0	0	0	0	0	0	0	0	0	185619	L	2	5	12	19
300	0	0	0	2	0	0	0	0	0	0	0	0	0	0	0	0	0	0	0	0	0	0	185619	L	2	5	12	19
301	0	0	1	0	0	0	0	0	0	0	0	0	0	2	0	0	0	0	0	0	0	0	185619	K	2	5	12	19
302	0	0	0	0	0	0	0	0	0	2	0	0	0	0	0	0	0	0	0	0	0	0	185619	D	2	5	12	19
303	0	0	0	0	0	2	0	0	0	0	0	0	0	0	0	0	0	0	0	0	0	0	185619	V	2	5	12	19
304	0	0	0	0	0	2	0	0	0	0	0	0	0	0	0	0	0	0	0	0	0	0	185619	V	2	5	12	19
305	0	0	0	0	0	0	0	2	0	0	0	0	0	0	0	0	0	0	0	0	0	0	185619	W	2	5	12	19
306	0	0	0	0	0	0	0	0	0	2	0	0	0	0	0	0	0	0	0	0	0	0	185619	D	2	5	12	19
307	0	0	2	0	0	0	0	0	0	0	0	0	0	0	0	0	0	0	0	0	0	0	185619	I	2	5	12	19
308	0	0	0	2	0	0	0	0	0	0	0	0	0	0	0	0	0	0	0	0	0	0	185619	L	2	5	12	19
309	2	0	0	0	0	0	0	0	0	0	0	0	0	0	1	0	0	0	1	0	0	0	185619	A	2	5	12	19
310	0	0	0	2	0	0	0	0	0	0	0	0	0	0	0	0	0	0	0	0	0	0	185619	L	2	5	12	19
311	0	0	0	0	0	0	0	0	2	0	0	0	0	0	0	0	0	0	0	0	0	0	185619	Y	2	5	12	19
312	0	0	0	0	0	0	0	0	0	0	0	0	0	0	0	0	0	0	0	2	0	0	185619	Q	2	5	12	19
313	0	0	0	0	0	0	0	0	1	0	0	0	0	0	2	0	0	0	0	0	0	0	185619	S	2	5	12	19
314	0	2	0	0	0	0	0	0	0	0	0	0	0	0	0	0	0	0	0	0	0	0	185619	G	2	5	12	19
315	0	0	0	0	0	0	0	0	0	0	0	0	0	0	0	2	0	0	0	0	0	0	185619	T	2	5	12	19
316	0	0	0	0	0	0	0	0	0	0	0	0	0	0	2	0	0	0	0	0	0	0	185619	S	2	5	12	19
317	0	0	0	2	0	0	0	0	0	0	0	0	0	0	0	0	0	0	0	0	0	0	185619	L	2	5	12	19
318	0	0	0	0	0	0	0	2	0	0	0	0	0	0	0	0	0	0	0	0	0	0	185619	W	2	5	12	19
319	0	0	1	0	0	0	0	0	0	0	0	0	0	2	0	0	0	0	0	0	0	0	185619	K	2	5	12	19
320	0	0	2	0	0	0	0	0	0	0	0	0	0	0	0	0	0	0	0	0	0	0	185619	I	2	5	12	19
321	0	0	0	1	0	0	0	2	0	0	0	0	0	0	0	0	0	0	0	0	0	0	185619	W	2	5	12	19
322	0	0	0	0	0	0	0	0	0	0	0	2	0	0	0	0	0	0	0	0	0	0	185619	R	2	5	12	19
323	0	0	0	1	0	0	0	0	0	0	0	0	0	0	0	0	0	0	2	0	0	0	185619	N	2	5	12	19
324	0	0	0	0	0	0	0	0	0	0	0	0	0	0	0	1	0	0	3	0	0	0	185615	N	3	5	15	23
325	0	0	0	0	0	0	0	0	0	0	0	0	0	3	0	0	0	0	0	0	0	0	185615	K	3	5	15	23
326	0	0	0	0	0	0	0	0	0	0	0	0	0	0	0	0	0	0	0	3	0	0	185615	Q	3	5	15	23
327	0	0	0	3	0	0	0	0	0	0	0	0	0	0	0	0	0	0	0	0	0	0	185615	L	3	5	15	23
328	0	0	0	0	0	0	0	0	0	3	0	0	0	0	0	0	0	0	0	0	0	0	185615	D	3	5	15	23
329	0	0	0	0	0	0	0	0	0	3	0	0	0	0	0	0	0	0	0	0	0	0	185615	D	3	5	15	23
330	0	0	0	0	0	0	0	0	0	0	0	0	0	0	0	3	0	0	0	0	0	0	185615	T	3	5	15	23
331	0	0	0	3	0	0	1	0	0	0	0	0	0	0	0	0	0	0	0	0	0	0	185615	L	3	5	15	23
332	0	0	0	0	0	3	0	0	0	0	0	0	0	0	1	0	0	0	0	0	0	0	185615	V	3	5	15	23
333	0	0	0	0	0	0	0	0	0	0	0	0	0	0	0	3	0	0	0	0	0	0	185615	T	3	5	15	23
334	0	0	0	0	0	3	0	0	0	0	0	0	0	0	0	0	0	0	0	0	0	0	185615	V	3	5	15	23
335	0	0	0	0	0	0	0	0	0	0	0	0	0	0	0	3	0	0	0	0	0	0	185615	T	3	5	15	23
336	0	0	0	0	0	3	0	0	0	0	0	0	0	0	0	0	1	0	0	0	0	0	185615	V	3	5	15	23
337	0	0	0	0	0	0	0	0	0	0	3	0	0	0	0	0	0	0	0	0	0	0	185615	E	3	5	15	23
338	0	0	0	0	0	0	0	0	0	0	0	0	0	0	0	0	0	0	0	1	0	0	185634	Q	1	0	3	4
339	0	0	0	1	0	0	0	0	0	0	0	0	0	0	0	0	0	0	0	0	0	0	185634	L	1	0	3	4
340	0	0	0	0	0	0	0	0	0	0	0	0	0	0	0	0	0	0	0	1	0	0	185634	Q	1	0	3	4
341	0	0	0	0	0	0	0	0	0	0	0	0	0	0	0	0	0	0	1	0	0	0	185634	N	1	0	3	4
342	0	0	0	0	0	0	0	0	0	0	0	0	0	0	1	0	0	0	0	0	0	0	185634	S	1	0	3	4
343	1	0	0	0	0	0	0	0	0	0	0	0	0	0	0	0	0	0	0	0	0	0	185634	A	1	0	3	4
344	0	0	0	0	0	0	0	0	0	0	0	0	0	0	0	0	0	0	1	0	0	0	185634	N	1	0	3	4
345	0	0	0	0	0	0	0	0	0	1	0	0	0	0	0	0	0	0	0	0	0	0	185634	D	1	0	3	4
346	0	0	0	0	0	0	0	0	0	1	0	0	0	0	0	0	0	0	0	0	0	0	185634	D	1	0	3	4
347	0	0	0	0	0	0	0	0	0	0	0	0	0	0	0	0	0	0	1	0	0	0	185634	N	1	0	3	4
348	0	0	1	0	0	0	0	0	0	0	0	0	0	0	0	0	0	0	0	0	0	0	185634	I	1	0	3	4
349	0	0	0	0	0	0	0	0	0	0	0	0	0	0	0	0	1	0	0	0	0	0	185634	C	1	0	3	4
350	0	0	1	0	0	0	0	0	0	0	0	0	0	0	0	0	0	0	0	0	0	0	185634	I	1	0	3	4
351	0	0	1	0	0	0	0	0	0	0	0	0	0	0	0	0	0	0	0	0	0	0	185634	I	1	0	3	4
352	0	0	0	0	0	0	0	0	0	0	0	0	0	0	0	0	1	0	0	0	0	0	185634	C	1	0	3	4
353	0	0	0	0	0	0	0	0	0	0	0	0	0	0	0	0	0	1	0	0	0	0	185634	M	1	0	3	4
354	0	0	0	0	0	0	0	0	0	1	0	0	0	0	0	0	0	0	0	0	0	0	185634	D	1	0	3	4
355	0	0	0	0	0	0	0	0	0	0	1	0	0	0	0	0	0	0	0	0	0	0	185634	E	1	0	3	4
356	0	0	0	1	0	0	0	0	0	0	0	0	0	0	0	0	0	0	0	0	0	0	185634	L	1	0	3	4
357	0	0	1	0	0	0	0	0	0	0	0	0	0	0	0	0	0	0	0	0	0	0	185634	I	1	0	3	4
358	0	0	0	0	0	0	0	0	0	0	0	0	1	0	0	0	0	0	0	0	0	0	185634	H	1	0	3	4
359	0	1	0	0	0	0	0	0	0	0	0	0	0	0	1	0	0	0	0	0	0	0	185634	S	1	0	3	4
360	0	0	0	0	1	0	0	0	0	0	0	0	0	0	0	0	0	0	0	0	0	0	185634	P	1	0	3	4
361	0	0	0	0	0	0	0	0	0	0	0	0	0	0	0	0	0	0	1	0	0	0	185634	N	1	0	3	4
362	0	0	0	0	0	0	0	0	0	0	0	0	0	0	0	0	0	0	0	1	0	0	185634	Q	1	0	3	4
363	0	0	0	0	0	0	0	0	0	0	0	0	0	0	0	0	0	0	0	1	0	0	185634	Q	1	0	3	4
364	0	0	0	0	0	0	0	0	0	0	0	0	0	0	0	1	0	0	0	0	0	0	185634	T	1	0	3	4
365	0	0	0	0	0	0	0	1	0	0	0	0	0	0	0	0	0	0	0	0	0	0	185634	W	1	0	3	4
366	0	0	0	0	0	0	0	0	0	0	0	0	0	1	0	0	0	0	0	0	0	0	185634	K	1	0	3	4
367	0	0	0	0	0	0	0	0	0	0	0	0	0	0	0	0	0	0	1	0	0	0	185634	N	1	0	3	4
368	0	0	0	0	0	0	0	0	0	0	0	0	0	1	0	0	0	0	0	0	0	0	185634	K	1	0	3	4
369	0	0	0	0	0	0	0	0	0	0	0	0	0	0	0	0	0	0	1	0	0	0	185634	N	1	0	3	4
370	0	0	0	0	0	0	0	0	0	0	0	0	0	1	0	0	0	0	0	0	0	0	185634	K	1	0	3	4
371	0	0	0	0	0	0	0	0	0	0	0	0	0	1	0	0	0	0	0	0	0	0	185634	K	1	0	3	4
372	0	0	0	0	1	0	0	0	0	0	0	0	0	0	0	0	0	0	0	0	0	0	185634	P	1	0	3	4
373	0	0	0	0	0	0	0	0	0	0	0	0	0	1	0	0	0	0	0	0	0	0	185634	K	1	0	3	4
374	0	0	0	0	0	0	0	0	0	0	0	1	0	0	0	0	0	0	0	0	0	0	185634	R	1	0	3	4
375	0	0	0	1	0	0	0	0	0	0	0	0	0	0	0	0	0	0	0	0	0	0	185634	L	1	0	3	4
376	0	0	0	0	1	0	0	0	0	0	0	0	0	0	0	0	0	0	0	0	0	0	185634	P	1	0	3	4
377	0	0	0	0	0	0	0	0	0	0	0	0	0	0	0	0	1	0	0	0	0	0	185634	C	1	0	3	4
378	0	1	0	0	0	0	0	0	0	0	0	0	0	0	0	0	0	0	0	0	0	0	185634	G	1	0	3	4
379	0	0	0	0	0	0	0	0	0	0	0	0	1	0	0	0	0	0	0	0	0	0	185634	H	1	0	3	4
380	0	0	1	0	0	0	0	0	0	0	0	0	0	0	0	0	0	0	0	0	0	0	185634	I	1	0	3	4
381	0	0	0	1	0	0	0	0	0	0	0	0	0	0	0	0	0	0	0	0	0	0	185634	L	1	0	3	4
382	0	0	0	0	0	0	0	0	0	0	0	0	1	0	0	0	0	0	0	0	0	0	185634	H	1	0	3	4
383	0	0	0	1	0	0	0	0	0	0	0	0	0	0	0	0	0	0	0	0	0	0	185634	L	1	0	3	4
384	0	0	0	0	0	0	0	0	0	0	0	0	0	0	1	0	0	0	0	0	0	0	185634	S	1	0	3	4
385	0	0	0	0	0	0	0	0	0	0	0	0	0	0	0	0	1	0	0	0	0	0	185634	C	1	0	3	4
386	0	0	0	1	0	0	0	0	0	0	0	0	0	0	0	0	0	0	0	0	0	0	185634	L	1	0	3	4
387	0	0	0	0	0	0	0	0	0	0	0	0	0	1	0	0	0	0	0	0	0	0	185634	K	1	0	3	4
388	0	0	0	0	0	0	0	0	0	0	0	0	0	0	0	0	1	0	1	0	0	0	185634	N	1	0	3	4
389	0	0	0	0	0	0	0	1	0	0	0	0	0	0	0	0	0	0	0	0	0	0	185634	W	1	0	3	4
390	0	0	0	0	0	0	0	0	0	0	0	0	0	0	0	0	0	1	0	0	0	0	185634	M	1	0	3	4
391	0	0	0	0	0	0	0	0	0	0	1	0	0	0	0	0	0	0	0	0	0	0	185634	E	1	0	3	4
392	0	0	0	0	0	0	0	0	0	0	0	1	0	0	0	0	0	0	0	0	0	0	185634	R	1	0	3	4
393	0	0	0	0	0	0	0	0	0	0	0	0	0	0	1	0	0	0	0	0	0	0	185634	S	1	0	3	4
394	0	0	0	0	0	0	0	0	0	0	0	0	0	0	0	0	0	0	0	1	0	0	185634	Q	1	0	3	4
395	0	0	0	0	0	0	0	0	0	0	0	0	0	0	0	1	0	0	0	0	0	0	185634	T	1	0	3	4
396	0	0	0	0	0	0	0	0	0	0	0	0	0	0	0	0	1	0	0	0	0	0	185634	C	1	0	3	4
397	0	0	0	0	1	0	0	0	0	0	0	0	0	0	0	0	0	0	0	0	0	0	185634	P	1	0	3	4
398	0	0	1	0	0	0	0	0	0	0	0	0	0	0	0	0	0	0	0	0	0	0	185634	I	1	0	3	4
399	0	0	0	0	0	0	0	0	0	0	0	0	0	0	0	0	1	0	0	0	0	0	185634	C	1	0	3	4
400	0	0	0	0	0	0	0	0	0	0	0	1	0	0	0	0	0	0	0	0	0	0	185634	R	1	0	3	4
401	0	0	0	1	0	0	0	0	0	0	0	0	0	0	0	0	0	0	0	0	0	0	185634	L	1	0	3	4
402	0	0	0	0	1	0	0	0	0	0	0	0	0	0	0	0	0	0	0	0	0	0	185634	P	1	0	3	4
403	0	0	0	0	0	1	0	0	0	0	0	0	0	0	0	0	0	0	0	0	0	0	185634	V	1	0	3	4
404	0	0	0	0	0	0	1	0	0	0	0	0	0	0	0	0	0	0	0	0	0	0	185634	F	1	0	3	4
405	0	0	0	0	0	0	0	0	0	1	0	0	0	0	0	0	0	0	0	0	0	0	185634	D	1	0	3	4
406	0	0	0	0	0	0	0	0	0	0	1	0	0	0	0	0	0	0	0	0	0	0	185634	E	1	0	3	4
407	0	0	0	0	0	0	0	0	0	0	0	0	0	1	0	0	0	0	0	0	0	0	185634	K	1	0	3	4
408	0	1	0	0	0	0	0	0	0	0	0	0	0	0	0	0	0	0	0	0	0	0	185634	G	1	0	3	4
409	0	0	0	0	0	0	0	0	0	0	0	0	0	0	0	0	0	0	1	0	0	0	185634	N	1	0	3	4
410	0	0	0	0	0	1	0	0	0	0	0	0	0	0	0	0	0	0	0	0	0	0	185634	V	1	0	3	4
411	0	0	0	0	0	1	0	0	0	0	0	0	0	0	0	0	0	0	0	0	0	0	185634	V	1	0	3	4
412	0	0	0	0	0	0	0	0	0	0	0	0	0	0	0	0	0	0	0	1	0	0	185634	Q	1	0	3	4
413	0	0	0	0	0	0	0	0	0	0	0	0	0	0	0	1	0	0	0	0	0	0	185634	T	1	0	3	4
414	0	0	0	0	0	0	0	0	0	0	0	0	0	0	0	1	0	0	0	0	0	0	185634	T	1	0	3	4
415	0	0	0	0	0	0	1	0	0	0	0	0	0	0	0	0	0	0	0	0	0	0	185634	F	1	0	3	4
416	0	0	0	0	0	0	0	0	0	0	0	0	0	0	0	1	0	0	0	0	0	0	185634	T	1	0	3	4
417	0	0	0	0	0	0	0	0	0	0	0	0	0	0	1	0	0	0	0	0	0	0	185634	S	1	0	3	4
418	0	0	0	0	0	0	0	0	0	0	0	0	0	0	0	0	0	0	1	0	0	0	185634	N	1	0	3	4
419	0	0	0	0	0	0	0	0	0	0	0	0	0	0	1	0	0	0	0	0	0	0	185634	S	1	0	3	4
420	0	0	0	0	0	0	0	0	0	1	0	0	0	0	0	0	0	0	0	0	0	0	185634	D	1	0	3	4
421	0	0	1	0	0	0	0	0	0	0	0	0	0	0	0	0	0	0	0	0	0	0	185634	I	1	0	3	4
422	0	0	0	0	0	0	0	0	0	0	0	0	0	0	0	1	0	0	0	0	0	0	185634	T	1	0	3	4
423	0	0	0	0	0	0	0	0	0	0	0	0	0	0	0	1	0	0	0	0	0	0	185634	T	1	0	3	4
424	0	0	0	0	0	0	0	0	0	0	0	0	0	0	0	0	0	0	0	1	0	0	185634	Q	1	0	3	4
425	0	0	1	0	0	0	0	0	0	0	0	0	0	0	0	1	0	0	0	0	0	0	185634	T	1	0	3	4
426	0	0	0	0	0	0	0	0	0	0	0	0	0	0	0	1	0	0	0	0	0	0	185634	T	1	0	3	4
427	0	0	0	0	0	1	0	0	0	0	0	0	0	0	0	0	0	0	0	0	0	0	185634	V	1	0	3	4
428	0	0	0	0	0	0	0	0	0	0	0	0	0	0	0	1	0	0	0	0	0	0	185634	T	1	0	3	4
429	0	0	0	0	0	0	0	0	0	1	0	0	0	0	0	0	0	0	0	0	0	0	185634	D	1	0	3	4
430	0	0	0	0	0	0	0	0	0	0	0	0	0	0	1	0	0	0	0	0	0	0	185634	S	1	0	3	4
431	0	0	0	0	0	0	0	0	0	0	0	0	0	0	0	1	0	0	0	0	0	0	185634	T	1	0	3	4
432	0	1	0	0	0	0	0	0	0	0	0	0	0	0	1	0	1	0	0	0	0	0	185634	G	1	0	3	4
433	0	0	2	0	0	0	0	0	0	0	0	0	0	0	0	0	0	0	0	0	0	0	185620	I	2	5	11	18
434	2	0	0	0	0	0	0	0	0	0	0	0	0	0	0	0	0	0	0	0	0	0	185620	A	2	5	11	18
435	0	0	0	0	0	0	0	0	0	0	0	0	0	0	0	2	0	0	0	0	0	0	185620	T	2	5	11	18
436	0	0	0	0	0	0	0	0	0	2	0	0	0	0	0	0	0	0	0	0	0	0	185620	D	2	5	11	18
437	0	0	0	0	0	0	0	0	0	0	0	0	0	0	0	0	0	0	0	2	0	0	185620	Q	2	5	11	18
438	0	0	0	0	0	0	0	0	0	0	0	0	0	0	0	0	0	0	0	2	0	0	185620	Q	2	5	11	18
439	0	2	0	0	0	0	0	0	0	0	1	0	0	0	0	0	0	0	0	0	0	0	185620	G	2	5	11	18
440	0	0	0	0	0	0	2	0	0	0	0	0	0	0	0	0	1	0	0	0	0	0	185620	F	2	5	11	18
441	2	0	0	0	0	1	0	0	0	0	0	0	0	0	0	0	0	0	0	0	0	0	185620	A	2	5	11	18
442	0	0	0	0	0	0	0	0	0	0	0	0	0	0	0	0	0	0	2	0	0	0	185620	N	2	5	11	18
443	0	0	0	1	0	0	0	0	0	0	2	0	0	0	1	0	0	0	0	0	0	0	185620	E	2	5	11	18
444	0	0	0	0	0	2	0	0	0	0	0	0	0	0	0	0	0	0	0	0	0	0	185620	V	2	5	11	18
445	0	0	0	0	0	1	0	0	0	2	0	0	0	0	0	0	0	0	0	0	0	0	185620	D	2	5	11	18
446	0	0	0	2	0	0	0	0	0	0	0	0	0	0	0	0	0	0	0	0	0	0	185620	L	2	5	11	18
447	0	0	0	2	0	0	0	0	0	0	0	0	0	0	0	0	0	0	0	0	0	0	185620	L	2	5	11	18
448	0	0	0	0	2	0	0	0	0	0	0	1	0	0	0	0	0	0	0	0	0	0	185620	P	2	5	11	18
449	0	0	0	0	0	0	0	0	0	0	0	0	0	0	0	1	0	0	0	0	0	0	185624	T	1	5	8	14
450	0	0	0	0	0	0	0	0	0	0	0	1	0	0	0	0	0	0	0	0	0	0	185624	R	1	5	8	14
451	0	0	0	0	0	0	0	0	0	0	0	0	0	0	0	1	0	0	0	0	0	0	185624	T	1	5	8	14
452	0	0	0	0	0	0	0	0	0	0	0	0	0	0	0	1	0	0	0	0	0	0	185624	T	1	5	8	14
453	0	0	0	0	0	0	0	0	0	0	0	0	0	0	1	0	0	0	0	0	0	0	185624	S	1	5	8	14
454	0	0	0	0	1	0	0	0	0	0	0	0	0	0	0	0	0	0	0	0	0	0	185624	P	1	5	8	14
455	0	0	0	0	0	0	0	0	0	1	0	0	0	0	0	0	0	0	0	0	0	0	185624	D	1	5	8	14
456	0	0	1	0	0	0	0	0	0	0	0	0	0	0	0	0	0	0	0	0	0	0	185624	I	1	5	8	14
457	0	0	0	0	0	0	0	0	0	0	0	1	0	0	0	0	0	0	0	0	0	0	185624	R	1	5	8	14
458	0	0	1	0	0	0	0	0	0	0	0	0	0	0	0	0	0	0	0	0	0	0	185624	I	1	5	8	14
459	0	0	0	0	0	1	0	0	0	0	0	0	0	0	0	0	0	0	0	0	0	0	185624	V	1	5	8	14
460	0	0	0	0	1	0	0	0	0	0	0	0	0	0	0	0	0	0	0	0	0	0	185624	P	1	5	8	14
461	0	0	0	0	0	0	0	0	0	0	0	0	0	0	0	1	0	0	0	0	0	0	185624	T	1	5	8	14
462	0	0	0	0	0	0	0	0	0	0	0	1	0	0	0	0	0	0	0	1	0	0	185624	Q	1	5	8	14
463	0	0	0	0	0	0	0	0	0	0	0	0	0	0	0	0	0	0	1	0	0	0	185624	N	1	5	8	14
464	0	0	1	0	0	0	0	0	0	0	0	0	0	0	0	0	0	0	0	0	0	0	185624	I	1	5	8	14
465	0	0	0	0	0	0	0	0	0	1	0	0	0	0	0	0	0	0	0	0	0	0	185624	D	1	5	8	14
466	0	0	0	0	0	0	0	0	0	0	0	0	0	0	0	1	0	0	0	0	0	0	185624	T	1	5	8	14
467	0	0	0	1	0	0	0	0	0	0	0	0	0	0	0	0	0	0	0	0	0	0	185624	L	1	5	8	14
468	1	0	0	0	0	0	0	0	0	0	0	0	0	0	0	0	0	0	0	0	0	0	185624	A	1	5	8	14
469	0	0	0	0	0	0	0	0	0	0	0	0	0	0	0	0	0	1	0	0	0	0	185624	M	1	5	8	14
470	0	0	0	0	0	0	0	0	0	0	0	1	0	0	0	0	0	0	0	0	0	0	185624	R	1	5	8	14
471	0	0	0	0	0	0	0	0	0	0	0	0	0	0	0	1	0	0	0	0	0	0	185624	T	1	5	8	14
472	0	0	0	0	0	0	0	0	0	0	0	1	0	0	0	0	0	0	0	0	0	0	185624	R	1	5	8	14
473	0	0	0	0	0	0	0	0	0	0	0	0	0	0	1	0	0	0	0	0	0	0	185624	S	1	5	8	14
474	0	0	0	0	0	0	0	0	0	0	0	0	0	0	0	1	0	0	0	0	0	0	185624	T	1	5	8	14
475	0	0	0	0	0	0	0	0	0	0	0	0	0	0	1	0	0	0	0	0	0	0	185624	S	1	5	8	14
476	0	0	0	0	0	0	0	0	0	0	0	0	0	0	0	1	0	0	0	0	0	0	185624	T	1	5	8	14
477	0	0	0	0	1	0	0	0	0	0	0	0	0	0	0	0	0	0	0	0	0	0	185624	P	1	5	8	14
478	0	0	0	0	0	0	0	0	0	0	0	0	0	1	1	0	0	0	0	0	0	0	185624	S	1	5	8	14
479	0	0	0	0	1	0	0	0	0	0	0	0	0	0	0	0	0	0	0	0	0	0	185624	P	1	5	8	14
480	0	0	0	0	0	0	0	0	0	0	0	0	0	0	0	1	0	0	0	0	0	0	185624	T	1	5	8	14
481	0	0	0	1	0	0	0	1	0	0	0	0	0	0	0	0	0	0	0	0	0	0	185624	W	1	5	8	14
482	0	0	0	0	0	0	0	0	1	0	0	0	0	0	0	0	0	0	0	0	0	0	185624	Y	1	5	8	14
483	0	0	0	0	0	0	0	0	0	0	0	0	0	0	0	1	0	0	0	0	0	0	185624	T	1	5	8	14
484	0	0	0	0	0	0	1	0	0	0	0	0	0	0	0	0	0	0	0	0	0	0	185624	F	1	5	8	14
485	0	0	0	0	1	0	0	0	0	0	0	0	0	0	0	0	0	0	0	0	0	0	185624	P	1	5	8	14
486	0	0	0	1	0	0	0	0	0	0	0	0	0	0	0	0	0	0	0	0	0	0	185624	L	1	5	8	14
487	0	0	0	0	0	0	0	0	0	0	0	0	1	0	0	0	0	0	0	0	0	0	185624	H	1	5	8	14
488	0	0	0	0	0	0	0	0	0	0	0	0	0	1	0	0	0	0	0	0	0	0	185624	K	1	5	8	14
489	0	0	0	0	0	0	0	0	0	0	0	0	0	0	0	1	0	0	0	0	0	0	185624	T	1	5	8	14
490	0	1	0	0	0	0	0	0	0	0	0	0	0	0	0	0	0	0	0	0	0	0	185624	G	1	5	8	14
491	0	0	0	0	0	0	0	0	0	1	0	0	0	0	0	0	0	0	0	0	0	0	185624	D	1	5	8	14
492	0	0	0	0	0	0	0	0	0	0	0	0	0	0	0	0	0	0	1	0	0	0	185624	N	1	5	8	14
493	0	0	0	0	0	0	0	0	0	0	0	0	0	0	1	0	0	0	0	0	0	0	185624	S	1	5	8	14
494	0	0	0	0	0	1	0	0	0	0	0	0	0	0	0	0	0	0	0	0	0	0	185624	V	1	5	8	14
495	0	1	0	0	0	0	0	0	0	0	0	0	0	0	0	0	0	0	0	0	0	0	185624	G	1	5	8	14
496	0	0	0	0	0	0	0	0	0	0	0	0	0	0	1	0	0	0	0	0	0	0	185624	S	1	5	8	14
497	0	0	0	0	0	0	0	0	0	0	0	0	0	0	1	0	0	0	0	0	0	0	185624	S	1	5	8	14
498	0	0	0	0	0	0	0	0	0	0	0	1	0	0	0	0	0	0	0	0	0	0	185624	R	1	5	8	14
499	0	0	0	0	0	0	0	0	0	0	0	0	0	0	1	0	0	0	0	0	0	0	185624	S	1	5	8	14
500	1	0	0	0	0	0	0	0	0	0	0	0	0	0	0	0	0	0	0	0	0	0	185624	A	1	5	8	14
501	0	0	0	0	0	0	0	0	1	0	0	0	0	0	0	0	0	0	0	0	0	0	185624	Y	1	5	8	14
502	0	0	0	0	0	0	0	0	0	0	1	0	0	0	0	0	0	0	0	0	0	0	185624	E	1	5	8	14
503	0	0	0	0	0	0	1	0	0	0	0	0	0	0	0	0	0	0	0	0	0	0	185624	F	1	5	8	14
504	0	0	0	1	0	0	0	0	0	0	0	0	0	0	0	0	0	0	0	0	0	0	185624	L	1	5	8	14
505	0	0	1	0	0	0	0	0	0	0	0	0	0	0	0	0	0	0	0	0	0	0	185624	I	1	5	8	14
506	0	0	0	0	0	0	0	0	0	0	0	0	0	0	0	1	0	0	0	0	0	0	185624	T	1	5	8	14
507	0	0	0	0	0	0	0	0	0	0	0	0	0	0	0	0	0	0	1	0	0	0	185624	N	1	5	8	14
508	0	0	0	0	0	0	0	0	0	0	0	0	0	0	1	0	0	0	0	0	0	0	185624	S	1	5	8	14
509	0	0	0	0	0	0	0	0	0	1	1	0	0	0	0	0	0	0	0	0	0	0	185624	D	1	5	8	14
510	0	0	0	0	0	0	0	0	0	0	1	0	0	0	0	0	0	0	0	0	0	0	185624	E	1	5	8	14
511	0	0	0	0	0	0	0	0	0	0	0	0	0	1	0	0	0	0	0	0	0	0	185624	K	1	5	8	14
512	0	0	0	0	0	0	0	0	0	0	1	0	0	0	0	0	0	0	0	0	0	0	185624	E	1	5	8	14
513	0	0	0	0	0	1	0	0	0	0	0	0	0	0	0	0	0	0	1	0	0	0	185624	N	1	5	8	14
514	0	1	0	0	0	0	0	0	0	0	0	0	0	0	0	0	0	0	0	0	0	0	185624	G	1	5	8	14
515	0	0	1	0	0	0	0	0	0	0	0	0	0	0	0	0	0	0	0	0	0	0	185624	I	1	5	8	14
516	0	0	0	0	1	0	0	0	0	0	0	0	0	0	0	0	0	0	0	0	0	0	185624	P	1	5	8	14
517	0	0	0	0	0	1	0	0	0	0	0	0	0	0	0	0	0	0	0	0	0	0	185624	V	1	5	8	14
518	0	0	0	0	0	0	0	0	0	0	0	0	0	1	0	0	0	0	0	0	0	0	185624	K	1	5	8	14
519	0	0	0	1	0	0	0	0	0	0	0	0	0	0	0	0	0	0	0	0	0	0	185624	L	1	5	8	14
520	0	0	0	0	0	0	0	0	0	0	0	0	0	0	0	1	0	0	0	0	0	0	185624	T	1	5	8	14
521	0	0	1	0	0	0	0	0	0	0	0	0	0	0	0	0	0	0	0	0	0	0	185624	I	1	5	8	14
522	0	0	0	0	0	0	0	0	0	0	1	0	0	0	0	0	0	0	0	0	0	0	185624	E	1	5	8	14
523	0	0	0	0	0	0	0	0	0	0	0	0	0	0	0	0	0	0	1	0	0	0	185624	N	1	5	8	14
524	0	0	0	0	0	0	0	0	0	0	0	0	1	0	0	0	0	0	0	0	0	0	185624	H	1	5	8	14
525	0	0	0	0	0	0	0	0	0	0	1	0	0	0	0	0	0	0	0	0	0	0	185624	E	1	5	8	14
526	0	0	0	0	0	1	0	0	0	0	0	0	0	0	0	0	0	0	0	0	0	0	185624	V	1	5	8	14
527	0	0	0	0	0	0	0	0	0	0	0	0	0	0	0	0	0	0	1	0	0	0	185624	N	1	5	8	14
528	0	0	0	0	0	0	0	0	0	0	0	0	1	0	1	0	0	0	0	0	0	0	185624	S	1	5	8	14
529	0	0	0	1	0	0	0	0	0	0	0	0	0	0	0	0	0	0	0	0	0	0	185624	L	1	5	8	14
530	0	0	0	0	0	0	0	0	0	0	0	0	1	0	0	0	0	0	0	0	0	0	185624	H	1	5	8	14
531	0	1	0	0	0	0	0	0	0	0	0	0	0	0	0	0	0	0	0	0	0	0	185624	G	1	5	8	14
532	1	0	0	0	0	0	0	0	0	1	0	0	0	0	0	1	0	0	0	0	0	0	185624	D	1	5	8	14
533	0	1	0	0	0	0	0	0	0	0	0	0	0	0	0	0	0	0	0	0	0	0	185624	G	1	5	8	14
534	0	1	0	0	0	0	0	0	0	0	0	0	0	0	0	1	0	0	0	0	0	0	185624	G	1	5	8	14
535	0	0	0	0	0	0	0	0	0	0	1	0	0	0	0	0	0	0	0	0	0	0	185624	E	1	5	8	14
536	0	0	0	0	0	0	0	0	0	0	0	0	0	0	0	0	0	0	0	1	0	0	185624	Q	1	5	8	14
537	0	0	1	0	0	0	0	0	0	0	0	0	0	0	0	0	0	0	0	0	0	0	185624	I	1	5	8	14
538	1	0	0	0	0	0	0	0	0	0	0	0	0	0	0	0	0	0	0	0	0	0	185624	A	1	5	8	14
539	0	0	0	0	0	0	0	0	0	0	0	0	0	1	0	0	0	0	0	0	0	0	185624	K	1	5	8	14
540	0	0	0	0	0	0	0	0	0	0	0	0	0	1	0	0	0	0	0	0	0	0	185624	K	1	5	8	14
541	0	0	1	0	1	0	0	0	0	0	0	0	0	0	0	0	0	0	0	0	0	0	185624	I	1	5	8	14
542	0	0	0	0	1	1	0	0	0	1	0	0	0	0	0	0	0	0	0	0	0	0	185624	V	1	5	8	14
543	0	0	1	0	0	0	0	0	0	0	0	0	0	0	0	0	0	0	0	0	0	0	185624	I	1	5	8	14
544	0	0	0	0	1	1	0	0	0	0	0	0	0	0	0	0	0	0	0	0	0	0	185624	P	1	5	8	14
545	0	0	0	0	0	0	0	0	0	1	0	0	0	0	0	0	0	0	0	0	0	0	185624	D	1	5	8	14
546	0	0	0	0	0	0	0	0	0	0	0	0	0	1	0	0	0	0	0	0	0	0	185624	K	1	5	8	14
547	0	0	0	0	0	0	1	0	0	0	0	0	0	0	0	0	0	0	0	0	0	0	185624	F	1	5	8	14
548	0	1	1	0	0	0	0	0	0	0	0	0	0	0	0	0	0	0	0	0	0	0	185624	I	1	5	8	14
549	0	0	0	0	0	0	0	0	0	0	0	0	0	0	0	0	0	0	0	1	0	0	185624	Q	1	5	8	14
550	1	0	0	0	0	0	0	0	0	0	0	1	1	0	0	0	0	0	0	0	0	0	185624	H	1	5	8	14
551	0	0	1	0	0	0	0	0	0	0	0	0	1	0	0	0	0	0	0	0	0	0	185624	I	1	5	8	14
552	0	0	0	0	0	0	0	0	0	0	0	0	0	0	0	0	0	0	0	0	1	0	185624	*	1	5	8	14
